distance_from_rim_km,longitude_e_deg,latitude_n_deg,mola_raw_m,corrected_min_m,corrected_median_m,corrected_max_m,ctx_raw_m
-4.145302,75.968,18.119,-1523.268265,-484.4372850452737,-425.0353131234633,-418.48994231790084,nan
-4.045302,75.96975,18.118713,-1521.339255,-480.888741036337,-421.33188718045653,-414.94860386331925,nan
-3.945302,75.9715,18.118426,-1519.426691,-477.35664302739974,-417.64490723744893,-411.42371140873706,nan
-3.845302,75.973249,18.118139,-1517.462963,-473.7742519784722,-413.90771420431633,-407.8485124200263,nan
-3.745302,75.974999,18.117853,-1515.328781,-470.0208682134744,-409.9995006643844,-404.10239138425504,nan
-3.645302,75.976749,18.117566,-1513.128813,-466.20136620453763,-406.0251167213771,-400.2900949296734,nan
-3.545302,75.978499,18.117279,-1510.863059,-462.31607819560054,-401.98494677837016,-396.4120124750916,nan
-3.445302,75.980248,18.116992,-1508.531519,-458.3658751466603,-397.8799417452235,-392.46900148636814,nan
-3.345302,75.981998,18.116705,-1499.158975,-447.3737971377236,-386.7329818022165,-381.48412903178655,nan
-3.245302,75.983748,18.116418,-1488.808153,-435.4034411287864,-374.6077438592092,-369.5209785772047,nan
-3.145302,75.985498,18.116132,-1478.490226,-423.4663123637888,-362.51578531927726,-357.59111254143363,nan
-3.045302,75.987248,18.115845,-1468.205192,-411.56174435486423,-350.45633537628373,-345.69375008686393,nan
-2.945302,75.988997,18.115558,-1460.665432,-402.40332130592424,-341.1431103431373,-336.5425190981407,nan
-2.845302,75.990747,18.115271,-1457.328438,-397.44679329698715,-336.03170040013015,-331.59319664355917,nan
-2.745302,75.992497,18.114984,-1454.386162,-392.8849832880503,-331.315008457123,-327.0385921889772,nan
-2.645302,75.994247,18.114697,-1451.838603,-388.71789027911313,-326.99303351411595,-322.87870473439534,nan
-2.545302,75.995996,18.11441,-1449.685762,-384.9463862301732,-323.0667274809696,-319.11439274567215,nan
-2.445302,75.997746,18.114124,-1434.290981,-367.93240346517564,-305.89791494103747,-302.1076727099012,nan
-2.345302,75.999496,18.113837,-1417.816,-349.83788845625077,-287.64851799804387,-284.0203632553314,nan
-2.245302,76.001246,18.11355,-1401.044973,-331.4473274473139,-269.1030750550367,-265.63700780074964,nan
-2.145302,76.002996,18.113263,-1383.931679,-312.71449943837683,-250.21536511202976,-246.9113853461679,nan
-2.045302,76.004745,18.112976,-1369.2251,-296.3892573894368,-233.73532107888332,-230.59333535744486,nan
-1.945302,76.006495,18.112689,-1357.764852,-283.30947538049986,-220.50065713587605,-217.520758902863,nan
-1.845302,76.008245,18.112402,-1345.942771,-269.86786037156276,-206.90416019286886,-204.086349448281,nan
-1.745302,76.009995,18.112116,-1333.758855,-256.06474260656523,-192.946212652937,-190.29049441251004,nan
-1.645302,76.011744,18.111829,-1321.186434,-241.87365855763733,-178.60032661980404,-176.10660242379868,nan
-1.545302,76.013494,18.111542,-1306.768347,-225.83603754870023,-162.40782367679685,-160.0761869692169,nan
-1.445302,76.015244,18.111255,-1292.596971,-210.04512753976337,-146.46203173378967,-144.29248251463514,nan
-1.345302,76.016994,18.110968,-1278.672307,-194.5009295308264,-130.7629517907826,-128.75549006005372,nan
-1.245302,76.018744,18.110681,-1264.994353,-179.20344152188954,-115.31058184777544,-113.46520760547196,nan
-1.145302,76.020493,18.110395,-1252.604856,-165.1956137168886,-101.14800421770428,-99.4646290355588,nan
-1.045302,76.022243,18.110108,-1241.12368,-152.09490370795174,-87.89241227469688,-86.37112458097727,nan
-0.945302,76.023993,18.109821,-1229.642504,-138.99419369901466,-74.63682033168993,-73.2776201263955,nan
-0.845302,76.025743,18.109534,-1218.161327,-125.89348269007769,-61.381227388682646,-60.18411467181386,nan
-0.745302,76.027492,18.109247,-1207.884392,-113.99788464114977,-49.3308273555499,-48.295708683102475,nan
-0.645302,76.02924,18.108949,-1210.413172,-114.90521786887803,-50.082864798442415,-49.209591553325254,nan
-0.545302,76.030972,18.108577,-1212.392057,-115.25200540511128,-50.27177597162131,-49.55848188536561,nan
-0.445302,76.032704,18.108206,-1214.097065,-115.3252481852951,-50.187194547886975,-49.63388463622732,nan
-0.345302,76.034436,18.107835,-1215.528196,-115.12461396546769,-49.82873612414119,-49.435410387078264,nan
-0.245302,76.036168,18.107464,-1213.071663,-111.03631574563906,-45.582613700393495,-45.34927213792798,nan
-0.145302,76.0379,18.107093,-1208.22091,-104.55379752582303,-38.94227127665954,-38.86891388878985,nan
-0.045302,76.039633,18.106722,-1203.665094,-98.36534534599855,-32.682635173782046,-32.595914943052776,nan
0.054698,76.041365,18.10635,-1199.404216,-92.47236988223085,-26.791762505821225,-26.545063116230267,nan
0.154698,76.043097,18.105979,-1195.332145,-86.76853366240334,-21.090086256672294,-20.68340269248415,nan
0.254698,76.044829,18.105608,-1190.13447,-79.93909344258714,-14.262806007533982,-13.696138268750246,nan
0.354698,76.046561,18.105237,-1185.031816,-73.20467422275851,-7.53054675838348,-6.803894845002333,nan
0.454698,76.048293,18.104866,-1179.848458,-66.38955100293106,-0.7175835092343732,0.16905257874350355,nan
0.554698,76.050025,18.104495,-1174.559765,-59.4690927831025,6.200714739916066,7.2473350024909,nan
0.654698,76.051757,18.104123,-1169.226198,-52.50342831934836,13.164276407863326,14.370875829298711,nan
0.754698,76.05349,18.103752,-1163.784704,-45.42929813952264,20.236233122872363,21.602910162906937,nan
0.854698,76.055222,18.103381,-1158.174679,-38.1875079196941,27.475863372022786,29.002524586654545,nan
0.954698,76.056954,18.10301,-1152.396122,-30.777185699866777,34.88402562117176,36.57067101040025,nan
1.054698,76.057618,18.104534,-1157.173697,-35.4827830234326,30.082333685869344,31.838669873715844,nan
1.154698,76.058252,18.106109,-1161.378977,-39.65915858786684,25.807352415420837,27.630831884317786,nan
1.254698,76.058887,18.107685,-1164.378582,-42.62932043623118,22.7385141920322,24.629235401718915,nan
1.354698,76.059522,18.10926,-1167.702622,-45.92358504065646,19.34563038745432,21.303588322195083,nan
1.454698,76.060156,18.110836,-1170.928362,-49.12075284901766,16.049799698207153,18.074905929735223,nan
1.554698,76.060791,18.112412,-1174.055802,-52.21874969739429,12.853126474806686,14.945474447122933,nan
1.654698,76.061425,18.113987,-1175.721177,-53.85522026181752,11.118050204369183,13.277541457737016,nan
1.754698,76.06206,18.115563,-1175.537959,-53.642559110181764,11.232034980980416,13.458767975137789,nan
1.854698,76.062695,18.117139,-1175.158144,-53.233300958546124,11.542616757592214,13.836591492539128,nan
1.954698,76.063329,18.118714,-1174.581735,-52.62798752298045,12.04932448714385,14.410442503140985,nan
2.054698,76.063964,18.12029,-1173.80873,-51.82553937134503,12.75309626375497,15.181456020541873,nan
2.154698,76.064599,18.121866,-1173.226112,-51.21347821970926,13.26648104036667,15.762082537942888,nan
2.254698,76.065233,18.123441,-1173.069704,-51.02816578413103,13.353187769930173,15.91593254855843,nan
2.354698,76.065868,18.125017,-1173.011597,-50.94061563250784,13.342061546529749,15.972048065945955,nan
2.454698,76.066502,18.126592,-1172.921249,-50.821363196929724,13.362708276093372,16.05983807656139,nan
2.554698,76.067137,18.128168,-1172.237077,-50.1077480452941,13.977647052704697,16.742018593962484,nan
2.654698,76.067772,18.129744,-1172.215196,-50.056423893658575,13.93029482931638,16.761908111363482,nan
2.754698,76.068406,18.131319,-1172.746351,-50.558674458094174,13.329438558866286,16.228195121963836,nan
2.854698,76.069041,18.132895,-1173.375802,-51.15868230645856,12.630754335477832,15.596752639364922,nan
2.954698,76.069676,18.134471,-1174.103549,-51.85698615482261,11.833774112089486,14.867014156766345,nan
3.054698,76.07031,18.136046,-1174.92959,-52.654122719244924,10.938031841653128,14.0384151673818,nan
3.154698,76.070945,18.137622,-1176.931617,-54.62670656762157,8.866771618252642,12.034396684769035,nan
3.254698,76.07158,18.139197,-1179.937848,-57.60316217204672,5.791696813674662,9.0265586052451,nan
3.354698,76.072214,18.140773,-1183.173441,-60.81018298040772,2.4860131244277,5.788023212785674,nan
3.454698,76.072849,18.142349,-1186.638395,-64.24569382877235,-1.0481740989607715,2.3210777301865164,nan
3.554698,76.073483,18.143924,-1190.33271,-67.91110439320641,-4.812190369409336,-1.3757952592115998,nan
3.654698,76.074118,18.1455,-1197.090528,-74.63947924157083,-11.639241592797816,-8.135604741810312,nan
3.754698,76.074753,18.147076,-1204.610958,-82.13046608993523,-19.228904816186514,-15.658026224409468,nan
3.854698,76.075387,18.148651,-1212.85397,-90.34457365435833,-27.541618086623885,-23.903596213795254,nan
3.954698,76.076022,18.150227,-1222.14549,-99.60665050273519,-36.90237131002482,-33.19710769640801,nan
4.054698,76.076657,18.151802,-1232.48552,-109.91690510716012,-47.31124511460257,-43.53874477593172,nan
4.154698,76.077291,18.153378,-1239.872982,-117.2757949155216,-54.768797803849566,-50.92914916839163,nan
4.254698,76.077926,18.154954,-1245.508947,-122.88231676388591,-60.47399602723817,-56.56710565099024,nan
4.354698,76.07856,18.156529,-1251.341513,-128.6859783283203,-66.37626329768659,-62.40222964038844,nan
4.454698,76.079195,18.158105,-1257.370679,-134.6857011766847,-72.47466252107506,-68.4333871229876,nan
4.554698,76.07983,18.159681,-1263.596446,-140.88202502504896,-78.76966274446363,-74.6611456055864,nan
4.654698,76.080464,18.161256,-1268.187975,-145.4446495894722,-83.43089301490136,-79.25523259497231,nan
4.754698,76.081099,18.162832,-1272.323488,-149.55071943784878,-87.63563923830202,-83.39273707758502,nan
4.854698,76.081734,18.164407,-1276.819427,-154.01688304227378,-92.20042204287984,-87.89028315710857,nan
4.954698,76.082368,18.165983,-1279.173419,-156.34230285063518,-94.62450473212675,-90.24721754956818,nan
5.054698,76.083003,18.167559,-1279.777743,-156.91718369899968,-95.29806195551532,-90.85353303216743,nan
5.154698,76.083637,18.169134,-1273.132665,-150.24320126343378,-88.72268522596391,-84.21101302156558,nan
5.254698,76.084272,18.17071,-1264.825171,-141.90626411179824,-80.48442444935199,-75.90551050416434,nan
5.354698,76.084907,18.172286,-1257.664484,-134.71613396016232,-73.3929706727406,-68.74681498676341,nan
5.454698,76.085541,18.173861,-1251.650603,-128.67334852458453,-67.44879094317707,-62.73549197614807,nan
5.554698,76.08628,18.175385,-1246.6898,-123.57524584822067,-62.447794938938614,-57.657796873098505,nan
5.654698,76.087289,18.176773,-1239.31566,-115.78346179639675,-54.74898519415069,-49.85774028883111,nan
5.754698,76.088299,18.178161,-1231.43615,-107.48543678456213,-46.54394798349085,-41.55136279468843,nan
5.854698,76.089308,18.179549,-1224.382962,-100.01460473273823,-39.16609023870319,-34.072258210421296,nan
5.954698,76.090317,18.180937,-1220.456021,-95.67001968091336,-34.91447949391409,-29.719400626152947,nan
6.054698,76.091327,18.182324,-1221.946427,-96.74157842514069,-36.07896886444519,-30.782554728936248,nan
6.154698,76.092336,18.183712,-1226.773069,-101.15057637331574,-40.58094111965602,-35.18328014466783,nan
6.254698,76.093346,18.1851,-1233.15803,-107.11702236149358,-46.64037490900819,-41.141373650538526,nan
6.354698,76.094355,18.186488,-1243.353455,-116.89480330966967,-56.51113016422073,-50.91088206627137,nan
6.454698,76.095365,18.187876,-1257.359346,-130.48217929783527,-70.1914939535609,-64.48990557212846,nan
6.554698,76.096374,18.189264,-1275.175702,-147.88089124601152,-87.68318020877291,-81.88034498786146,nan
6.654698,76.097383,18.190652,-1296.802523,-169.09006819418641,-108.98533146398381,-103.08124940359312,nan
6.754698,76.098393,18.19204,-1301.213458,-173.08248818235165,-113.07073925332429,-107.06531690945008,nan
6.854698,76.099402,18.193428,-1298.355592,-169.8069781305278,-109.88820350853621,-103.78153432518297,nan
6.954698,76.100412,18.194816,-1297.655348,-168.6882191186935,-108.86243229787647,-102.65442283104016,nan
7.054698,76.101421,18.196204,-1299.112728,-169.72795506686998,-109.99514255308918,-103.68588624677318,nan
7.154698,76.10243,18.197592,-1302.72773,-172.9253130150446,-113.2854748082998,-106.87497166250478,nan
7.254698,76.10344,18.19898,-1308.500355,-178.27942300321,-118.73257259763977,-112.22072916836169,nan
7.354698,76.104449,18.200368,-1304.921416,-174.28283995138622,-114.82896385285221,-108.21587358409465,nan
7.454698,76.105459,18.201756,-1302.154403,-171.09731193956418,-111.73642364220473,-105.02199308996546,nan
7.554698,76.106468,18.203144,-1298.008773,-166.53403788772812,-107.26612389740467,-100.4504465056848,nan
7.654698,76.107477,18.204532,-1294.791417,-162.89903783590262,-103.7240981526154,-96.80717392141628,nan
7.754698,76.108487,18.205919,-1292.538155,-160.22692858014284,-101.1449195231587,-94.12666002421315,nan
7.854698,76.109496,18.207307,-1288.710605,-155.9817345283177,-96.9926997783698,-89.87319343994477,nan
7.954698,76.11086,18.207785,-1283.322034,-149.5639866923393,-90.62068753577569,-83.3713260562613,nan
8.054698,76.112577,18.207356,-1289.409381,-154.01336272404205,-95.06870498354715,-87.66105190213398,nan
8.154698,76.114295,18.206926,-1291.755249,-154.7200565518085,-95.77399654664964,-88.20796343507095,nan
8.254698,76.116012,18.206497,-1286.238177,-147.56501358351125,-88.6175949944211,-80.8932702809434,nan
8.354698,76.117729,18.206068,-1280.696948,-140.38581361521415,-81.4370364421925,-73.55442012681624,nan
8.454698,76.119446,18.205638,-1275.131564,-133.1821264029786,-74.23193347115466,-66.19103056961535,-1295.869764
8.554698,76.121163,18.205209,-1269.870702,-126.28329343468135,-67.33174191892635,-59.13254741548781,-1291.233628
8.654698,76.122881,18.20478,-1272.254672,-127.02842150637457,-68.07552490082708,-59.71794535148638,-1290.006697
8.754698,76.124598,18.204351,-1274.397077,-127.53285553807746,-68.57860034859846,-60.062729197358976,nan
8.854698,76.126315,18.203921,-1276.297917,-127.79539232584216,-68.83972137756086,-60.16556364015787,nan
8.954698,76.128032,18.203492,-1277.957192,-127.81669635754474,-68.85966682533217,-60.02721748603062,-1288.253857
9.054698,76.129749,18.203063,-1282.112094,-130.33362738924757,-71.37523927310394,-62.38449833190339,-1286.307801
9.154698,76.131466,18.202633,-1288.557062,-135.1402921770109,-76.18048830206476,-67.03146077470069,-1281.678609
9.254698,76.133184,18.202204,-1294.349821,-139.2942092487167,-80.3330602839776,-71.02564771071275,-1292.935166
9.354698,76.134901,18.201775,-1299.49037,-142.79678728042063,-83.83427973175048,-74.36857555658685,-1291.112544
9.454698,76.136618,18.201345,-1303.97871,-145.64682406818406,-86.68290076071139,-77.05890999938447,-1288.841614
9.554698,76.138255,18.201223,-1299.231655,-139.43347378907492,-80.4846650520592,-70.70831837824039,-1284.436648
9.654698,76.139561,18.202366,-1301.162597,-140.60669685246467,-81.74086233817115,-71.83674481130447,-1285.706827
9.754698,76.140867,18.203509,-1303.289199,-141.97557991585336,-83.19271962428184,-73.1608312443675,-1288.790914
9.854698,76.142173,18.204652,-1305.611463,-143.54012497924214,-84.8402389103926,-74.68057967743016,-1288.980977
9.954698,76.14348,18.205795,-1308.129387,-145.2994590826338,-86.68256073064481,-76.39503720063226,-1294.654967
10.054698,76.144786,18.206937,-1312.346575,-148.7585959020846,-90.22461459794636,-79.80932523062165,-1294.839275
10.154698,76.146092,18.20808,-1312.412301,-148.06660296547307,-89.6155958840568,-79.07253566368445,-1303.66714
10.254698,76.147398,18.209223,-1312.582442,-147.4790250288629,-89.11099217016886,-78.4401610967484,-1314.797766
10.354698,76.148704,18.210366,-1313.828661,-147.96752509225166,-89.68246645627983,-78.88386452981149,-1325.015109
10.454698,76.15001,18.211509,-1316.150959,-149.53210415564058,-91.33001974239028,-80.40364696287429,-1338.582983
10.554698,76.151316,18.212652,-1319.549336,-152.1727622190292,-94.05365202850112,-82.99950839593726,-1348.355178
10.654698,76.152622,18.213795,-1323.066166,-154.93187328241902,-96.89573731461337,-85.7138228290014,-1350.432301
10.754698,76.153929,18.214937,-1323.607039,-154.71382414185905,-96.7606187160427,-85.45084494911498,-1352.937577
10.854698,76.155473,18.214236,-1328.824579,-158.3536989020149,-100.38124884132799,-88.93071356500468,-1369.225943
10.954698,76.157032,18.213428,-1334.011654,-161.91449416071032,-103.91688416600869,-92.32472240394941,-1375.320324
11.054698,76.158591,18.21262,-1338.95107,-165.2276304194063,-107.20486049068973,-95.47107224289448,-1377.504468
11.154698,76.160149,18.211811,-1343.642828,-168.2936473941595,-110.24564686241865,-98.37033058862517,-1381.176041
11.254698,76.161708,18.211003,-1348.669316,-171.69385565285506,-113.6206951870995,-101.60375242756959,-1387.166707
11.354698,76.163267,18.210195,-1353.780216,-175.17847591154964,-117.08015551177891,-104.92158626651349,-1396.383662
11.454698,76.164825,18.209387,-1358.973668,-178.74651913025446,-120.62302530233046,-108.32292301533244,-1397.716653
11.554698,76.166384,18.208579,-1364.24967,-182.3962413889501,-124.24758762701117,-111.8058588542774,-1401.080114
11.654698,76.167942,18.207771,-1369.608223,-186.1293856076427,-127.95555841755049,-115.37229660308299,-1408.660643
11.754698,76.169501,18.206962,-1377.228647,-192.12319762239918,-133.92415332342102,-121.19927003895282,-1410.198455
11.854698,76.17106,18.206154,-1383.120253,-196.3885238810949,-138.16431964810204,-125.29780987789786,-1413.79077
11.954698,76.172618,18.205346,-1389.135692,-200.77855409978656,-142.52917643863998,-129.52113362670207,-1419.294666
12.054698,76.174177,18.204538,-1395.274963,-205.29154535848215,-147.01700776332086,-133.86733846564698,-1414.767004
12.154698,76.175736,18.20373,-1401.538066,-209.92836861717774,-151.62867108800174,-138.3373753045919,-1430.872633
12.254698,76.177294,18.202922,-1409.821148,-216.58604183587022,-158.26117087854118,-144.82834205339736,-1436.582256
12.354698,76.178853,18.202113,-1417.959811,-223.0980928506267,-164.74800478441148,-151.17355448926742,-1435.332954
12.454698,76.180412,18.201305,-1425.892092,-229.4040941093224,-171.02884610909246,-157.3127693282122,-1434.469776
12.554698,76.182093,18.201156,-1434.869153,-236.8675670039106,-178.50648359470847,-164.63407479008265,-1433.64466
12.654698,76.183849,18.201407,-1444.879433,-245.4318344741414,-187.1087976648505,-173.07104224208365,-1445.508484
12.754698,76.185605,18.201658,-1456.543401,-255.6497899443716,-197.36479973499195,-183.1616976940843,-1457.678767
12.854698,76.187361,18.201909,-1468.423866,-266.084242414604,-207.83729880513556,-193.46885014608688,-1463.643236
12.954698,76.189117,18.20216,-1480.520828,-276.7351918848344,-218.52629487527702,-203.99249959808776,-1469.187269
13.054698,76.190872,18.20241,-1492.834286,-287.60317607112415,-229.4322549924682,-214.73321155687586,-1474.505013
13.154698,76.192628,18.202661,-1502.988755,-296.31163254135504,-238.1787580626103,-223.31436800887695,-1479.673112
13.254698,76.194384,18.202912,-1511.844813,-303.72167801158685,-245.62685013275313,-230.5971134608792,-1486.940668
13.354698,76.19614,18.203163,-1520.354484,-310.78533648181747,-252.72855520289522,-237.53347191288003,-1486.620396
13.454698,76.197896,18.203414,-1528.51777,-317.5026099520485,-259.48387527303703,-244.12344536488104,-1491.831477
13.554698,76.199652,18.203665,-1535.968725,-323.50755242228024,-265.52686434318,-250.00108781688346,-1509.877607
13.654698,76.201408,18.203915,-1542.072497,-328.16497964857194,-270.2222809945115,-254.5311628658094,-1521.104568
13.754698,76.203164,18.204166,-1548.017504,-332.6639741188037,-274.7593220646547,-258.9028573178116,-1532.900225
13.854698,76.20492,18.204417,-1553.803747,-337.0042045890343,-279.13759913479635,-263.1157877698124,-1538.122321
13.954698,76.206675,18.204668,-1559.431225,-341.18654101926336,-283.3579686707983,-267.1709041316758,-1542.755423
14.054698,76.208431,18.204919,-1559.314809,-339.6241124894941,-281.83358674094006,-265.48117558367676,-1549.856664
14.154698,76.209942,18.204293,-1559.361619,-338.14691722504404,-280.34098965039107,-263.850524455655,-1556.201179
14.254698,76.211336,18.203248,-1560.305589,-337.5295740700551,-279.6827095840499,-263.06722489331673,-1557.156415
14.354698,76.21273,18.202203,-1561.392775,-337.05544691507976,-279.1676455177219,-262.4271413309932,-1560.366895
14.454698,76.214124,18.201157,-1562.623177,-336.72420351615165,-278.79540803256987,-261.9298893655798,-1558.589594
14.554698,76.215517,18.200112,-1563.834225,-336.3748093211609,-278.40506343208835,-261.4146187131039,-1558.380565
14.654698,76.216911,18.199067,-1564.621975,-335.6012461661844,-277.59056336575895,-260.475099150779,-1563.283322
14.754698,76.218305,18.198021,-1563.680143,-333.0977687672573,-275.0460918806084,-257.8056131853673,-1564.008
14.854698,76.219698,18.196976,-1563.311173,-331.16835657227784,-273.07572928013747,-255.7103245329031,-1562.872609
14.954698,76.221092,18.195931,-1563.515064,-329.8109344172899,-271.67737021379753,-254.18694597056606,-1564.210019
15.054698,76.222486,18.194886,-1564.291818,-329.02637526230114,-270.8518741474559,-253.23643040822776,-1563.681698
15.154698,76.22388,18.19384,-1565.934161,-329.1070728633863,-270.89157766231756,-253.15111944282944,-1563.193904
15.254698,76.225273,18.192795,-1567.921157,-329.5336266683946,-271.27718106183465,-253.41179679035213,-1562.189498
15.354698,76.226667,18.19175,-1570.194577,-330.2457335134054,-271.948350995493,-253.95794722801384,-1562.625129
15.454698,76.228061,18.190704,-1572.160037,-330.64954811449115,-272.3111715103546,-254.19575326261543,-1562.48537
15.554698,76.229455,18.189659,-1574.20086,-331.129057959502,-272.749744444013,-254.50930670027697,-1562.576867
15.654698,76.230848,18.188614,-1576.637455,-332.0052107645238,-273.5849468435438,-255.21958304781447,-1560.985573
15.754698,76.232242,18.187568,-1579.432272,-333.23838236559527,-274.7771243583916,-256.2867460824011,-1555.575055
15.854698,76.233717,18.186642,-1582.506603,-334.72038947941996,-276.2260913957605,-257.6025277870401,-1556.957069
15.954698,76.235288,18.185856,-1585.827293,-336.41165758478564,-277.8936193439406,-259.12719757527225,-1561.023868
16.054698,76.236859,18.18507,-1589.39071,-338.3456526901498,-279.8038742921192,-260.89459436350285,-1560.534682
16.154698,76.238431,18.184285,-1592.980605,-340.3055870794442,-281.74013919323806,-262.68790264493487,-1559.788827
16.254698,76.240002,18.183499,-1594.32838,-340.0239401848098,-281.43475214141836,-262.23965743316717,-1561.263467
16.354698,76.241573,18.182713,-1593.982996,-338.04913429017415,-279.4362060895969,-260.0982532213982,-1559.911732
16.454698,76.243145,18.181928,-1593.961231,-336.39740867948103,-277.76081099072803,-258.2799015028436,-1566.513221
16.554698,76.244716,18.181142,-1594.263086,-335.0698417848464,-276.4095039389081,-256.7857362910754,-1567.413207
16.654698,76.246287,18.180356,-1595.002238,-334.17957189021104,-275.4954938870869,-255.72886807930672,-1570.713122
16.754698,76.247859,18.179571,-1596.850961,-334.39833427950543,-275.6905867882058,-255.7810043607385,-1573.224364
16.854698,76.24943,18.178785,-1598.982858,-334.90080938487085,-276.1693217363859,-256.11688114897083,-1574.218405
16.954698,76.251001,18.177999,-1601.39793,-335.68645949023517,-276.93123168456486,-256.7359329372018,-1575.799952
17.054698,76.252573,18.177214,-1604.096176,-336.75474487954193,-277.97584758569565,-257.6375922186471,-1577.269523
17.154698,76.254144,18.176428,-1607.316177,-338.3453239849075,-279.54268653387567,-259.06157300687914,-1583.769911
17.254698,76.255715,18.175642,-1611.952541,-341.352266090272,-282.5258884820548,-261.9019167951103,-1591.903204
17.354698,76.257287,18.174857,-1615.572824,-343.3425884795663,-284.4925413831734,-263.72561307654223,-1597.36743
17.454698,76.258858,18.174071,-1619.193107,-345.33344958493194,-286.4596623313537,-265.5498758647743,-1602.236162
17.554698,76.260429,18.173285,-1622.813389,-347.3243096902961,-288.4267822795323,-267.37413765300494,-1608.213653
17.654698,76.262001,18.1725,-1626.861059,-349.7420190796031,-290.8208221806635,-269.6252209344507,-1611.975426
17.754698,76.263622,18.172166,-1633.56463,-354.92279444542237,-296.0043751380215,-274.6589764192847,-1618.7474
17.854698,76.265332,18.172622,-1641.401347,-361.4216730830981,-302.5524004938402,-281.0449253553029,-1629.26665
17.954698,76.267042,18.173078,-1649.186987,-367.8694747207737,-309.0493488496586,-287.3797972913212,-1627.222324
18.054698,76.268751,18.173534,-1656.921548,-374.26706831845854,-315.49607567134785,-293.66454113721375,-1626.273628
18.154698,76.270461,18.17399,-1662.664112,-378.6717939561345,-319.94994802716633,-297.9563370732319,-1627.143165
18.254698,76.27217,18.174445,-1666.667759,-381.33814130986775,-322.6653714300328,-300.50978251603556,-1627.144931
18.354698,76.27388,18.174901,-1670.543714,-383.8762579475433,-325.25263478585134,-302.9349694520538,-1624.653012
18.454698,76.275589,18.175357,-1674.291977,-386.2875535452297,-327.71306360754215,-305.2334152979479,-1628.036313
18.554698,76.277299,18.175813,-1677.842687,-388.50042518290525,-329.9750819633605,-307.3333572339661,-1635.628879
18.654698,76.279009,18.176269,-1677.919991,-387.23989082058097,-328.7636943191792,-305.95989316998407,-1639.781872
18.754698,76.280718,18.176725,-1678.055992,-386.0389244182661,-327.6118611408683,-304.6460770158769,-1643.070682
18.854698,76.282428,18.177181,-1678.319686,-384.9647800559419,-326.5868634966871,-303.45900295189494,-1646.612592
18.954698,76.284137,18.177637,-1678.711072,-384.01919865361447,-325.6904153183639,-302.4005717977741,-1646.937477
19.054698,76.285847,18.178093,-1679.495371,-383.4656592912902,-325.1860226741826,-301.73410273379227,-1648.3926
19.154698,76.287556,18.178548,-1680.798577,-383.431565645036,-325.20100507706115,-301.5871071766096,-1651.054056
19.254698,76.289266,18.179004,-1682.229471,-383.5246212827119,-325.3432074328798,-301.56723311262795,-1653.060643
19.354698,76.290976,18.17946,-1683.788055,-383.74536692038737,-325.6130997886985,-301.67504904864586,-1656.786112
19.454698,76.292685,18.179916,-1685.474328,-384.09467251805995,-326.0115386103753,-301.911504894525,-1659.082513
19.554698,76.294395,18.180372,-1684.324576,-381.60708215574823,-323.5730949662061,-299.31098483055666,-1658.863934
19.654698,76.296104,18.180828,-1682.783393,-378.7289317534219,-320.7440777878844,-296.3199846764371,-1659.939133
19.754698,76.297814,18.181284,-1681.446517,-376.0542173910976,-318.11851014370313,-293.5323406124553,-1658.30848
19.854698,76.299524,18.18174,-1680.313949,-373.5838110287734,-315.6972504995217,-290.94900454847357,-1659.245696
19.954698,76.301233,18.182195,-1679.459967,-371.3925293825191,-313.55504490240037,-288.64482099129077,-1664.393281
20.054698,76.302943,18.182651,-1679.081596,-369.6763200201949,-311.8879822582189,-286.815681927309,-1665.410903
20.154698,76.304652,18.183107,-1679.009679,-368.2674356178675,-310.52823107989593,-285.29394777318817,-1665.118785
20.254698,76.306362,18.183563,-1679.244216,-367.1641342555556,-309.4740764357266,-284.0777167092199,-1671.369032
20.350522,76.308,18.184,-1679.32079,-365.95926637831826,-308.3162973761059,-282.7646844969579,-1674.020814
