distance_from_outlet_along_rim_km,longitude_e_deg,latitude_n_deg,mola_raw_m,corrected_min_m,corrected_median_m,corrected_max_m
0.0,76.04045217589993,18.10637398059748,-1200.9624947354932,-94.83364930328116,-29.14209523959903,-28.980573507235704
0.25,76.04057617611406,18.110589987877724,-1216.5673439484954,-111.73124215538428,-46.28241104114454,-46.08815585506022
0.5,76.04070017632817,18.11480599515797,-1226.479823815399,-122.93646566138864,-57.730357496591296,-57.50336885678598
0.75,76.0408241765423,18.119022002438214,-1226.7271968047176,-124.47658228980845,-59.513197074453274,-59.25347498092697
1.0,76.04094817675642,18.12323800971846,-1224.0163646248006,-123.05849374899253,-58.337831483079526,-58.04537593583245
1.25,76.04302884406839,18.126521633051293,-1213.9359488097657,-112.25686388393865,-47.75201917217669,-47.24866795713751
1.5,76.04651440320157,18.12913580240118,-1204.7283850475103,-100.88205946404969,-36.57371416599881,-35.73154637231028
1.75,76.04999996233475,18.131749971751066,-1196.9704096381204,-90.9568433970262,-26.844997512686177,-25.66401314034829
2.0,76.05323118733924,18.134544941585336,-1193.5186742662943,-85.61945208517432,-21.71101083899771,-20.214069039580863
2.25,76.05489088149275,18.138457077804347,-1194.498396286313,-86.45343043387402,-22.791061215074706,-21.11940871037268
2.5,76.05655057564627,18.14236921402336,-1199.2534958904107,-91.06278636665252,-27.64648917523118,-25.80012596524375
2.75,76.05821026979979,18.146281350242372,-1208.4755416237247,-100.13908842864748,-36.96886326460367,-34.94778934933083
3.0,76.0598699639533,18.150193486461383,-1220.8919216241266,-112.40972475773037,-49.48557162106431,-47.28978700050584
3.25,76.06152965810683,18.154105622680394,-1234.0524611332098,-125.42452059549487,-62.7464394862061,-60.375944160362224
3.5,76.06318935226035,18.15801775889941,-1247.1112018516956,-138.33751764266162,-75.90550856075038,-73.3603025296211
3.75,76.06484904641387,18.16192989511842,-1258.065476684789,-149.14604880443585,-86.96011174990258,-84.24019501348766
4.0,76.06650874056739,18.16584203133743,-1265.1367982983331,-156.0716267466612,-94.13176171950522,-91.23713427780513
4.25,76.06774423860426,18.169883924591527,-1267.121792193477,-158.32344580831182,-96.63134748915127,-93.60099709821611
4.5,76.06880138663163,18.173980373197576,-1261.37121103655,-153.01315122703454,-91.56953213136012,-88.41985089472291
4.75,76.06985853465899,18.178076821803625,-1248.9889529581123,-141.07117972424658,-79.87603985205828,-76.6070277697188
5.0,76.07091568268636,18.182173270409674,-1230.6135277584065,-123.13604110019037,-62.18938045148843,-58.80103752344667
5.25,76.07197283071373,18.186269719015723,-1207.4315299113796,-100.3943298288134,-39.69614840359759,-36.188474629853545
5.5,76.0730299787411,18.190366167621775,-1180.7341906450552,-74.13727713813864,-13.687574936408737,-10.06057031696264
5.75,76.07408712676848,18.194462616227824,-1152.9273143613,-46.77068743003292,13.4305355482104,17.176871013359005
6.0,76.0752599875544,18.198519975108788,-1124.3181724551382,-18.488063591197033,41.46535366956664,45.34163658000443
6.25,76.077,18.20236530666766,-1097.8650481345264,8.202953863760968,67.91303481883028,71.9711986227403
6.287621255294525,76.077,18.203,-1095.2776609181356,10.57946806738164,70.2532605129004,74.31460777069015
6.537621255294525,76.07743421879186,18.207197448321438,-1075.7841610054793,29.05657841471634,88.48452288441467,92.60749857467658
6.787621255294525,76.07786843758375,18.211394896642876,-1067.2917847919582,36.532565062915864,95.71466155679445,99.89926567952807
7.037621255294525,76.07830265637561,18.215592344964314,-1059.8216137377055,42.986346551846964,101.92259506990536,106.16882762511068
7.287621255294525,76.0787368751675,18.21978979328575,-1056.9161551838395,44.87541554039149,103.56581608262991,107.87367707030717
7.537621255294525,76.07917109395936,18.223987241607187,-1054.4849878955456,46.29019326336379,104.73474582978224,109.10423524993121
7.787621255294525,76.07960531275124,18.228184689928625,-1052.7898658971021,46.968925696485485,105.16763028708397,109.59874813970464
8.037621255294525,76.07998871094503,18.23238382786897,-1051.8145771042575,46.883000850309145,104.83644664153417,109.3244525212101
8.287621255294525,76.0798647107309,18.236599835149214,-1054.2426883023018,42.946147560395275,100.66021695430845,105.15778213504814
8.537621255294525,76.07974071051677,18.24081584242946,-1053.2969303259142,42.38316344491295,99.85785644151429,104.36498092331817
8.787621255294525,76.07961671030266,18.245031849709704,-1050.1780914178448,43.99326026111271,101.2285768604022,105.7452606432696
9.037621255294525,76.07949271008853,18.24924785698995,-1045.091949526734,47.57066006035393,104.56660026233158,109.09284334626295
9.287621255294525,76.0793687098744,18.25346386427019,-1039.3775193897109,51.77634810550717,108.5329119101732,113.06871429516832
9.537621255294525,76.07924470966027,18.257679871550437,-1032.5762998094604,57.06882559388805,113.58601300124201,118.1313746873011
9.787621255294525,76.07912070944614,18.261895878830682,-1025.6599298277695,62.47645348370929,118.7542644937514,123.30918548087425
10.037621255294525,76.07896944864653,18.266108104789154,-1018.5597956056492,68.04535905568787,124.08437772312004,128.6462917069764
10.287621255294525,76.07781823579693,18.27018162718011,-1018.3174173845564,65.93167380966952,121.75332398457499,126.22809574281632
10.537621255294525,76.0766670229473,18.27425514957107,-1017.8755267912013,64.0175009359134,119.62178261829172,124.0094121509187
10.787621255294525,76.07551581009768,18.27832867196203,-1015.8812669162463,63.6556973437572,119.04261053360881,123.34309784062077
11.037621255294525,76.07436459724806,18.282402194352986,-1010.988077326189,66.19282346670332,121.36236816402777,125.57571324542539
11.287621255294525,76.07321338439844,18.286475716743944,-1005.1268863414434,69.6979509843377,124.65012718913522,128.77633004491827
11.537621255294525,76.07206217154884,18.290549239134904,-994.1298697062027,78.3389041524672,133.07371186473802,137.11277249490627
11.787621255294525,76.07091095869922,18.29462276152586,-980.577611950797,89.53509844076177,144.05253766050544,148.00445606505912
12.037621255294525,76.0697597458496,18.29869628391682,-964.8205376060039,102.93610931844364,157.2361800456606,161.10095622459949
12.287621255294525,76.06860853299997,18.30276980630778,-944.3277546878435,121.07282876949284,175.15553100418288,178.93316495750696
12.537621255294525,76.06745732015035,18.306843328698736,-918.6311266616169,144.4133933286082,198.2787270707713,201.96921879848082
12.787621255294525,76.06630610730075,18.310916851089694,-883.864950695684,176.82350582742993,230.4714710770661,234.07482057916104
13.037621255294525,76.06508556179038,18.314971924181258,-844.4799216424855,213.79821510728573,267.2308022852395,270.7404383035854
13.287621255294525,76.0638399031641,18.31902031471672,-804.5654665972482,251.2826980985027,304.50062815892386,307.9141705055155
13.537621255294525,76.06259424453779,18.323068705252183,-764.1379372437043,289.28025539802593,342.2835283409149,345.6009770157525
13.787621255294525,76.0613485859115,18.32711709578765,-731.3140174454235,319.6742031422863,372.46281896764265,375.6841739707264
14.037621255294525,76.0601029272852,18.331165486323112,-701.1464067963414,347.41184173734814,399.9858004451719,403.1110617765014
14.287621255294525,76.05885726865891,18.335213876858575,-704.8475242024956,341.28075227717363,393.64005386746476,396.66922152704024
14.537621255294525,76.05779034117944,18.33929988468754,-732.5724524579001,311.2690215294639,363.40910341545816,366.3590674354192
14.787621255294525,76.0571179156784,18.343468922793953,-741.8904274828021,299.9802531486132,351.891044620548,354.7990853026954
15.037621255294525,76.05644549017737,18.347637960900364,-748.7812817528744,291.1186055225925,342.80010658046774,345.66622392480133
15.287621255294525,76.05577306467633,18.35180699900678,-745.4822040232154,292.4468898963032,343.8991005401185,346.7232945466387
15.537621255294525,76.0551006391753,18.35597603711319,-741.5810718527148,294.37722871085543,345.600148940611,348.3824196093178
15.787621255294525,76.05442821367426,18.360145075219602,-731.1170606294156,302.87044657820616,353.86407639390245,356.6044237247952
16.037621255294525,76.05375578817322,18.364314113326014,-714.2521994656022,317.76451438607137,368.5288537877077,371.22727778078706
16.287621255294525,76.05308336267218,18.36848315143243,-676.5928363275127,353.4530841682122,403.988133155789,406.64463381105475
16.537621255294525,76.05161839508449,18.372454012288774,-640.4032623202094,387.04743555464154,437.3752195596086,439.91474456760113
16.787621255294525,76.05004126895795,18.376396827605117,-586.5876542166127,438.1794533971595,488.30308940251416,490.7150175514307
17.037621255294525,76.04846414283142,18.38033964292146,-530.8269463863165,491.2565709663768,541.1760589721192,543.4603902619593
17.287621255294525,76.04688701670489,18.384282458237802,-485.588047922448,533.8118791691667,583.5272191752966,585.6839536060605
17.537621255294525,76.04530989057834,18.388225273554145,-447.34344024729654,569.3728965832393,618.8840885897571,620.9132261614448
17.787621255294525,76.04223904693818,18.391147407936973,-439.2859020765543,573.7849913423252,623.1705490812067,624.9273913850268
18.037621255294525,76.03880292867733,18.39381994436208,-470.1216371772311,539.0686006553194,588.347723923986,589.7968863200035
18.287621255294525,76.03536681041648,18.39649248078718,-518.9026993467704,486.4068828994514,535.5795716979031,536.7210541861178
18.537621255294525,76.03193069215564,18.399165017212283,-563.2589143629611,438.170012296932,487.2362666251686,488.0700692055809
18.787621255294525,76.02849457389479,18.401837553637385,-596.8300146889437,400.71825638462076,449.6780762426422,450.20419891525194
19.037621255294525,76.0247793366222,18.404110331688898,-625.1890674979368,368.3682637917608,417.24827178370924,417.4386274685969
19.287621255294525,76.02084923740993,18.40607538129503,-650.2439414240747,339.2375548377794,387.89121232770106,388.05824467466994
19.537621255294525,76.01691913819766,18.408040430901163,-667.8789481942162,317.52671303979434,365.7636643428017,366.28808472162734
19.787621255294525,76.01287759744412,18.409771782747594,-681.3654580442274,299.94495170145035,347.7684765546355,348.6618706751394
20.037621255294525,76.00872970369956,18.411280107745615,-690.7183585393085,286.47826983569746,333.89149821954527,335.1649227745744
20.287621255294525,76.004581809955,18.412788432743636,-696.1459418028592,276.93690520147516,323.9398371159856,325.59329210553983
20.537621255294525,76.00043391621044,18.414296757741656,-694.2629878733424,274.7060777603202,321.2987132054934,323.3321986295729
20.787621255294525,75.9962860224659,18.415805082739677,-688.2924881058674,276.56279615712356,322.7451351329595,325.15865099156383
21.037621255294525,75.99213812872134,18.417313407737694,-675.1186988283828,285.62280406393654,331.3948465704349,334.1883928635647
21.287621255294525,75.98799023497678,18.418821732735715,-659.1039433363985,297.52377818524906,342.88552422241014,346.05910095006516
21.537621255294525,75.98384234123222,18.420330057733736,-639.304325961779,313.20961418919694,358.16106375702066,361.71467091920067
21.787621255294525,75.98001277362664,18.422391058461347,-608.9744940777414,339.51929087491874,384.05706701654856,387.95818686942357
22.037621255294525,75.97643757687925,18.424893696184526,-573.5625741943483,370.9858711874099,415.10727541438234,419.32992339246744
22.287621255294525,75.97286238013184,18.427396333907705,-537.6828506021436,402.92025520871255,446.62528752102776,451.1694636243227
22.537621255294525,75.9693927144799,18.430027888737857,-555.9880431683475,380.71880450698154,424.00917789649395,428.8643742629332
22.787621255294525,75.96595659621904,18.432700425162963,-579.2096789685972,353.61651312040294,396.4927721318977,401.65564840613956
23.037621255294525,75.96256180197727,18.43541628812158,-605.6254694900371,323.3416636021028,365.8048522107458,371.2713295966123
23.287621255294525,75.95942179985752,18.438399290135347,-594.3930948455712,330.84813766413095,372.9046927232042,378.6496225261459
23.537621255294525,75.95628179773776,18.441382292149118,-557.8920036156919,363.62332831157266,405.2732498210761,411.2966320410933
23.787621255294525,75.95314179561801,18.44436529416289,-605.0469006538102,312.7425306910168,353.98581865095036,360.2876532880431
24.037621255294525,75.95000179349825,18.447348296176656,-630.8986391746101,283.16489158777927,324.001545998143,330.58183305231125
24.287621255294525,75.9468617913785,18.450331298190427,-621.3888681161459,288.94876206380593,329.3787829245998,336.23752239584337
24.537621255294525,75.94372178925873,18.453314300204198,-588.8452468430685,317.76648275444575,357.7898700656697,364.92706195398887
24.787621255294525,75.93997330890308,18.45551334554846,-543.2832066238154,359.33312703930915,398.9421235510504,406.4185586175897
25.037621255294525,75.93604320969081,18.457478395154595,-484.1158024410927,414.4246961941884,453.6169865190153,461.4508096174113
25.287621255294525,75.93211311047854,18.45944344476073,-453.11611158647975,441.34855202095775,480.12413615887044,488.315347289123
25.537621255294525,75.92818301126627,18.461408494366864,-438.3753644188331,452.0134641607609,490.3723421117593,498.9209412738686
25.787621255294525,75.92450197901863,18.463647427275777,-420.2553892829269,466.1835355647838,504.13133468246815,513.0126743361436
26.037621255294525,75.92188211093341,18.467053255786563,-436.95625901931993,446.06929964334864,483.6299955921707,492.73906347098415
26.287621255294525,75.91926224284819,18.47045908429735,-454.3676099329433,425.2445825446831,462.4181753246429,471.75497142859433
26.537621255294525,75.91664237476297,18.473864912808136,-453.921662505849,422.2771637867354,459.0636533978328,468.62817772692233
26.787621255294525,75.91334279116417,18.476,-449.9925382696574,422.62311291596916,459.0344369642255,468.89657855900566
27.037621255294525,75.90890115617727,18.476,-430.6968210415575,438.05034373980214,474.10655967462736,484.3837454205814
27.287621255294525,75.90445952119036,18.476,-404.86480091315167,460.0138774639409,495.7149852853351,506.40721518246306
27.537621255294525,75.90004772938696,18.476325378435508,-400.7271619221479,460.20091725667925,495.5323314651236,506.6351848347396
27.787621255294525,75.89567296872794,18.47705450521201,-415.3723920662801,441.50319762060064,476.4468196865346,487.95481109539924
28.037621255294525,75.8912982080689,18.477783631988515,-437.8116197518244,415.01148044311003,449.56731036653343,461.48043981464673
28.287621255294525,75.88692344740988,18.47851275876502,-456.53630913073954,392.2343015722485,426.4023393531614,438.72060684052354
28.537621255294525,75.88254868675085,18.479241885541523,-449.80710280914474,394.9110184018969,428.6912640402995,441.4146695669103
28.787621255294525,75.87817392609183,18.47997101231803,-433.0907750519091,407.57485666718617,440.9673101630783,454.09585372893775
29.037621255294525,75.87426202225761,18.4819502492569,-405.8186120567659,430.78231842561763,463.75878045358263,477.2429406424375
29.287621255294525,75.87036928196751,18.483981244190865,-393.1454698571714,439.39025378871827,471.9495568192134,485.7872833083828
29.537621255294525,75.86647654167741,18.486012239124825,-411.01868788503356,417.4518289243625,449.5939729573874,463.78526574687163
29.787621255294525,75.86258380138733,18.48804323405879,-424.1315361823768,400.27377379052535,431.9987588260803,446.5436179158792
30.037621255294525,75.85869106109723,18.49007422899275,-446.08996455682285,374.25013857958555,405.5579646176705,420.456390007784
30.287621255294525,75.85477810435061,18.49205788582158,-468.3160427810904,347.95697359238767,378.84849344470337,394.10261167716084
30.537621255294525,75.85049515318312,18.493175177430494,-490.8671378043431,321.3043860589528,351.79520758294393,367.4439378761573
30.787621255294525,75.84621220201561,18.494292469039408,-509.6356290565138,298.43440229659967,328.5245254922666,344.56786784623586
31.037621255294525,75.8419292508481,18.49540976064832,-521.1654916929889,282.80304714994236,312.4924720172846,328.93042643201
31.287621255294525,75.8376462996806,18.496527052257235,-527.8434672422751,272.02357909047385,301.3123056294918,318.14487210497293
31.537621255294525,75.83336334851309,18.49764434386615,-530.4590403125557,265.3065135100111,294.19454172070436,311.42172025694174
31.787621255294525,75.82900591915894,18.498427725834436,-525.8849024672741,265.8252307780025,294.3240225777422,311.9544475170387
32.037621255294525,75.82461371119379,18.49905518411517,-518.0008976718906,269.6753289172142,297.7902366055612,315.82793987250864
32.287621255294525,75.82022150322865,18.499682642395907,-499.32939418821906,284.31292574471394,312.0439493216681,330.4889309162665
32.537621255294525,75.8158292952635,18.500310100676643,-477.76298713884165,301.84542613791956,329.1925656034809,348.04482552573023
32.787621255294525,75.81143708729834,18.50093755895738,-446.87176376763483,328.7027428529547,355.6659982071231,374.9255364570235
33.037621255294525,75.80704487933319,18.501565017238114,-414.8322919128666,356.7083080515513,383.2876792943267,402.9544958718782
33.287621255294525,75.80267186976653,18.502288723963797,-380.28785922611274,387.20357715678193,413.39557896180855,433.4673971350721
33.537621255294525,75.79834224739237,18.50322994621905,-377.88719352235563,385.5205995718466,411.31735531723774,431.78902981291964
33.787621255294525,75.79401262501821,18.504171168474304,-409.28316695185623,350.0409828536536,375.4424925394091,396.3140233575096
34.037621255294525,75.78968300264405,18.505112390729554,-447.79821686845816,307.44228964835935,332.44855327447925,353.719940414998
34.287621255294525,75.7853533802699,18.506053612984807,-484.4618200547809,266.6950431733442,291.30606073982847,312.9773042027657
34.537621255294525,75.78102375789575,18.506994835240057,-511.06584062859235,236.00737931084018,260.2231508176891,282.2942506030448
34.787621255294525,75.77658273755459,18.507,-535.1692847536176,208.03426815321916,231.894711298066,254.38077189456703
35.037621255294525,75.77214110256769,18.507,-552.5683313228365,186.76673517973325,210.27207021114907,233.173174958824
35.287621255294525,75.76769946758078,18.507,-567.1492968398582,168.3172832584445,191.4675101764294,214.78365907527814
35.537621255294525,75.76325783259388,18.507,-577.7149832162696,153.88311047776608,176.67822928231988,200.4094223323425
35.787621255294525,75.75881619760698,18.507,-586.0364665428453,141.6931407469233,164.13315143804618,188.2793886392426
36.037621255294525,75.75437456262009,18.507,-593.1680171217055,130.6931037637961,152.77800634148798,177.3392876938583
36.287621255294525,75.7516406862069,18.50385424827585,-586.915311443479,135.60986938743883,157.64027860868907,182.4728025742694
36.537621255294525,75.74906408816697,18.500418784222624,-564.5480897790403,156.8743893345155,178.87799072858354,203.96851370707043
36.787621255294525,75.74648749012705,18.4969833201694,-527.3876278866375,192.93214950955644,214.90894307644214,240.25746506783582
37.037621255294525,75.74326979825813,18.49430791930325,-495.4856378522553,222.92054435869397,244.77963049497396,270.4422455967749
37.287621255294525,75.73917650836084,18.49267060334434,-464.34219560035564,251.0428831487945,272.6601122995468,298.7134331368513
37.537621255294525,75.73508321846357,18.491033287385427,-471.6623326099213,240.7016426774299,262.07701484265425,288.5210414154621
37.787621255294525,75.73068588382806,18.491539264521492,-481.0138539814362,227.35211089894426,248.34952542769133,275.20191870203905
38.037621255294525,75.72628223954536,18.49208972005683,-486.41774340758957,217.92993793693086,238.54657041890005,265.8076969015899
38.287621255294525,75.72187859526265,18.492640175592168,-485.92331318113946,214.40608462752112,234.6419350627122,262.3117947537442
38.537621255294525,75.71746179422101,18.493,-467.18284675017605,229.1801445485777,249.0441042107583,277.1248826856612
38.787621255294525,75.71302015923412,18.493,-441.70124792097363,250.79325697351317,270.30210852226264,298.79793114833944
39.037621255294525,75.70857852424722,18.493,-402.97813640328314,285.6478820869366,304.80162552225516,333.71249229950587
39.287621255294525,75.70413688926031,18.493,-367.0877280721887,317.66980401376395,336.4684393356515,365.7943502640761
39.537621255294525,75.69969525427341,18.493,-332.71170804283014,348.1773376388556,366.62086484731213,396.3618199269105
39.787621255294525,75.69531742355456,18.4924411299072,-359.4035975297712,317.8582139138947,335.98088433250564,366.133724581655
40.037621255294525,75.69097897719985,18.491537286916635,-389.4464146324325,284.3370799333569,302.1600358248804,332.722811303767
40.287621255294525,75.68664053084514,18.49063344392607,-407.5077188851305,262.7974588027824,280.3207001672185,311.2934108758424
40.537621255294525,75.68230208449043,18.489729600935505,-418.45574870550075,248.3711121045356,265.5946389418843,296.9772848802457
40.787621255294525,75.67796363813571,18.488825757944937,-419.5307841929683,243.81775973919162,260.7415720494529,292.53415321755153
41.037621255294525,75.67365388753763,18.487842676153463,-416.93688702388636,242.984659497895,259.61518453028225,291.8154169226291
41.287621255294525,75.66964759772168,18.486021635328033,-416.79828535916926,240.23897276490703,256.6441793866929,289.22790939405485
41.537621255294525,75.66564130790573,18.4842005945026,-412.5139662053605,241.63900352101086,257.8188917321952,290.7861193545723
41.787621255294525,75.66163501808978,18.48237955367717,-403.7505980639129,247.5180832647535,263.4726530653363,296.82337830272854
42.037621255294525,75.65762872827383,18.480558512851736,-387.84593933469057,260.53845359627087,276.2677049862523,310.0019278386595
42.287621255294525,75.65362243845789,18.478737472026307,-369.73848600426606,275.7616185289903,291.2655515083702,325.3832719757928
42.537621255294525,75.64961614864193,18.476916431200873,-343.71226148541353,298.9035546501379,314.1821692189164,348.6833873013539
42.787621255294525,75.64560985882598,18.475095390375444,-311.2379382025287,328.49358953531777,343.54688569349474,378.4316013909475
43.037621255294525,75.64160356901003,18.473274349550014,-269.10555161068964,367.7416877294519,382.56966547702746,417.8378787894951
43.287621255294525,75.63803955901156,18.47077966925866,-234.0156550730233,400.55631652844426,415.2294725290424,450.8432338575055
43.537621255294525,75.63455399987838,18.468165499908775,-197.01973572312232,435.3849952207117,449.9158340563716,485.86841196348377
43.787621255294525,75.6310684407452,18.46555133055889,-149.51828778580722,480.7192025003931,495.10772417111474,531.3991186568762
44.037621255294525,75.62758288161201,18.462937161209002,-152.5287419548875,475.5415076736792,489.78771217946263,526.417923243873
44.287621255294525,75.62409732247883,18.460322991859115,-197.73618782044935,428.16682115048366,442.27070849132895,479.23973613438864
44.537621255294525,75.62061176334565,18.45770882250923,-235.51311886472917,388.2226494485703,402.1842196244772,439.492063846186
44.787621255294525,75.61712620421247,18.455094653159342,-274.83508345816693,346.73344419749884,360.5526972084676,398.1993580088255
45.037621255294525,75.61495836992223,18.458572852636088,-225.29237217421021,393.23244783530265,406.69696291083494,444.5287490956024
45.287621255294525,75.61284003990589,18.462279930164698,-170.65101056090793,444.7971746992897,457.8989716179789,495.9101093178896
45.537621255294525,75.61072170988953,18.465987007693307,-134.31732935956452,478.05422115131785,490.793299913164,528.983789128218
45.787621255294525,75.60819809254362,18.468790806750512,-130.35559682440942,478.88643868227723,491.2775108447694,529.6897538511334
46.037621255294525,75.6039151413761,18.4676735151416,-152.55994895587568,453.3230207708606,465.4299485343953,504.24801167989335
46.287621255294525,75.59963219020861,18.46655622353268,-167.55097380918724,434.97293013759884,446.7957135021762,486.01959678680805
46.537621255294525,75.5953492390411,18.465438931923767,-174.94800421765558,424.2168339491802,435.75547291480007,475.3851763385659
46.787621255294525,75.59106628787359,18.464321640314854,-177.06790073174625,418.7378716551393,429.9923662218017,470.02788978470153
47.037621255294525,75.58678333670609,18.463204348705936,-171.76299275366324,420.6837138532721,431.65406402097716,472.09540772301074
47.287621255294525,75.58315193737413,18.460863953030596,-169.18468915137774,420.8767961745094,431.6788894749577,472.4713044712123
47.537621255294525,75.57966637824094,18.45824978368071,-161.71261626690682,426.181628401347,436.8414045368571,477.97263611176083
47.787621255294525,75.57618081910776,18.455635614330824,-151.27135576642127,434.4556482441993,444.9731072147713,486.44315536832414
48.037621255294525,75.57269525997458,18.453021444980937,-137.25800467257562,446.30175868041175,456.67690048604544,498.4857652182474
48.287621255294525,75.5692097008414,18.45040727563105,-118.43214083768386,462.9603818576702,473.19320649836584,515.340887809217
48.537621255294525,75.56584436419509,18.447700700375165,-98.78386498638054,480.57682733059005,490.6817663900239,533.1574936927342
48.787621255294525,75.56387785523948,18.44391895238363,-91.87232445181007,487.03208007580247,497.1770497183538,539.855503736645
49.037621255294525,75.56191134628389,18.440137204392094,-83.68555776676973,494.76255897148485,504.94755919715374,547.8287399310257
49.287621255294525,75.55994483732829,18.436355456400563,-75.20988880207068,502.7819401468259,513.0069709556124,556.090878405065
49.537621255294525,75.5579783283727,18.432573708409027,-65.40052033732692,512.1350208222116,522.4000822141157,565.6867163791493
49.787621255294525,75.5560118194171,18.42879196041749,-54.67849354715222,522.4007598230282,532.70585179805,576.1952126786643
50.037621255294525,75.55404531046149,18.425010212425956,-43.20145636067696,533.4215092201455,543.7666317782849,587.4587193744801
50.287621255294525,75.55163111636585,18.42151208300636,-26.76456429904559,548.9179670917343,559.2525345673101,603.1877598147274
50.537621255294525,75.54870892104859,18.418335783748464,-0.4132789273951371,573.779443409212,584.0460547905235,628.2702731416582
50.787621255294525,75.54578672573132,18.41515948449057,25.08177658649128,597.7846898689259,607.983345155973,652.4965566108251
51.037621255294525,75.54286453041406,18.41198318523268,50.95445376153816,622.1675579898,632.2982571825828,677.1004617411523
51.287621255294525,75.5399423350968,18.408806885974784,77.74240547584913,647.4657006499383,657.5284437484568,702.6196414107437
51.537621255294525,75.53702013977954,18.40563058671689,102.28175480892004,670.5152409288365,680.5100279330907,725.890218699095
51.787621255294525,75.53409794446227,18.402454287458994,126.61956420879004,693.363241274534,703.2900721845238,748.9592560542454
52.037621255294525,75.53117574914502,18.399277988201103,148.10412725142135,713.3579952629925,723.216870078718,769.1750470521572
52.287621255294525,75.52825355382775,18.396101688943208,167.37940121036493,731.1434601677634,740.9343788892246,787.1815489663811
52.537621255294525,75.52533135851048,18.392925389685313,182.66862490983397,744.9428748130598,754.6658374402566,801.2020006211305
52.787621255294525,75.52240916319323,18.38974909042742,194.73238612862173,755.5168269776748,765.1718335106073,811.9969897951987
53.037621255294525,75.51948696787596,18.386572791169527,204.54282676125206,763.8374585561324,773.4245089948007,820.5386583831095
53.287621255294525,75.51656477255871,18.383396491911633,213.20509123915244,771.0099139798601,780.529008324264,827.9321508162903
53.537621255294525,75.51364257724144,18.380220192653738,223.38808039283566,779.7030940793707,789.1542323295103,836.8463679252538
53.787621255294525,75.51072038192419,18.377043893395843,235.4873086721658,790.3125133045281,799.6956954604034,847.6768241598644
54.037621255294525,75.50779818660692,18.373867594137952,246.98830479903825,800.323700377228,809.6389264388389,857.9090482420172
54.287621255294525,75.50637763196814,18.369991887845952,247.61559885654324,801.0014280925079,810.4052344943987,858.8275381265527
54.537621255294525,75.50552138267899,18.36585334961514,247.33261119191107,801.3476857911221,810.8988977560606,859.4219705621281
54.787621255294525,75.50466513338986,18.361714811384328,248.6563853109838,803.3007052734413,812.9993228014275,861.6231647814086
55.037621255294525,75.50380888410074,18.357576273153516,251.5241326144567,806.7976979401607,816.6437210311948,865.3683321850892
55.287621255294525,75.50295263481159,18.3534377349227,237.016800983925,792.9196116728754,802.9130403269572,851.7384206547653
55.537621255294525,75.50209638552246,18.349299196691888,214.42951823411732,770.9615742863141,781.1024085034437,830.0285580051655
55.787621255294525,75.50124013623333,18.345160658461076,197.38704584693372,754.548347262377,764.8365870425544,813.8635057181895
56.037621255294525,75.49879929727004,18.341799297270036,202.38242024454715,758.5346404410681,768.8030611725382,818.0749213092165
56.287621255294525,75.495740848613,18.33874084861299,215.19953101927564,769.7041158050897,779.8875400208153,829.4605342112031
56.537621255294525,75.49268239995594,18.33568239995594,204.17725444188545,757.0342038169929,767.132631516974,817.006759761071
56.787621255294525,75.4896239512989,18.332623951298892,192.541962723559,743.7512766879596,753.7647078721964,803.9399701700027
57.037621255294525,75.48656550264185,18.32956550264184,170.28581374042005,719.847492294114,729.7759269626061,780.2523233141218
57.287621255294525,75.4835070539848,18.326507053984795,153.7082335806224,701.6222767236096,711.4657148763574,762.2432452815822
57.537621255294525,75.48044860532775,18.323448605327748,146.25747669984347,692.5238844321241,702.2823260691272,753.3609905280614
57.787621255294525,75.47974351664439,18.31940923302134,117.17724342428389,664.1716040835412,674.084364144564,725.2491753353287
58.037621255294525,75.47944294642787,18.315201249990192,86.06717914764432,634.197832028751,644.3060462999083,695.5200501046415
58.287621255294525,75.47914237621136,18.31099326695905,59.24376266376694,608.510707766723,618.8143762480148,670.0775726667165
58.537621255294525,75.47884180599485,18.3067852839279,46.83852505687693,597.2417623816825,607.7408850731089,659.053274105779
58.787621255294525,75.47854123577834,18.302577300896754,51.87737851026955,603.4169080569245,614.1114849584853,665.4730666051239
59.037621255294525,75.47824066556183,18.298369317865607,69.18441444910513,621.8602362176096,632.7502673293048,684.1610415899119
59.287621255294525,75.47852801648786,18.294325312265503,88.53101193384991,642.8007012144097,653.9246378305845,705.3288445329765
59.537621255294525,75.4811773269784,18.29094008219426,85.06928326333951,642.7711381795611,654.2834574840972,705.4570814288281
59.787621255294525,75.48382663746894,18.28755485212302,82.22289206978861,643.3569126216718,655.2576146145691,706.2006558016391
60.037621255294525,75.48647594795948,18.284169622051778,80.17409542378954,644.7402816113345,657.0293662925931,707.7418247220019
60.287621255294525,75.48912525845002,18.280784391980536,63.919245335716745,631.9175971589234,644.5950645285432,695.0769402002911
60.537621255294525,75.49177456894054,18.277399161909294,43.50626801920871,614.936785478077,628.002635536058,678.253928450145
60.787621255294525,75.49442387943108,18.274013931838052,17.273531800808264,592.1362148953384,605.5904476416806,655.6111577981064
61.037621255294525,75.49448701408728,18.272924602502208,21.26323585117052,596.5428297751793,610.0589286053897,660.0792029946617
61.287621255294525,75.49075200934135,18.275207105402508,67.40034543712189,638.6685518766177,651.7669842065172,702.1248239580733
61.537621255294525,75.4870170045954,18.277489608302805,110.35503306097142,677.6118520159542,690.2926178455428,740.988022959383
61.787621255294525,75.48328199984947,18.2797721112031,135.01964347564,698.2650749461097,710.5281742753876,761.5611447515117
62.037621255294525,75.47954699510352,18.282054614103398,158.89970367593946,718.1337476618961,729.9791804908631,781.3497163292715
62.287621255294525,75.4773363781167,18.280610961220127,181.39764105236242,739.1859709898588,750.9299649779191,802.5143106967664
62.537621255294525,75.4762035536375,18.27653279309504,204.26091240433126,762.4175441760653,774.2836827257858,825.9943391108371
62.787621255294525,75.47507072915832,18.272454624969953,209.81392526492382,768.3388588708955,780.3271419822761,832.1641090335314
63.037621255294525,75.47393790467913,18.268376456844866,211.9107305114445,770.8039659516538,782.9143936246945,834.877671342154
63.287621255294525,75.47331350417004,18.26433815786326,206.46636986311245,766.1574777968317,778.4286189187628,830.4704981585746
63.537621255294525,75.47513551095453,18.260491699096,185.56315934455728,748.1191249175786,760.7365631991916,812.6274796521295
63.787621255294525,75.47695751773901,18.256645240328744,161.81784692547407,727.2386701377975,740.2024055790923,791.9423592451564
64.03762125529452,75.4787795245235,18.252798781561484,144.95394942212977,713.2396302737552,726.549662874732,778.138653753922
64.28762125529452,75.480601531308,18.248952322794228,163.3035875286127,734.4541260195404,748.1104557801989,799.5484838725149
64.53762125529452,75.48229656077652,18.245060890874353,181.4969111230445,755.4166571476424,769.4114780096032,820.7106341571246
64.78762125529452,75.48357232736379,18.241020963348003,191.9460394890221,768.3191686138207,782.6267059692143,833.8269125883835
65.03762125529452,75.48484809395106,18.23698103582165,208.1807915252709,787.0073037502704,801.6275575990968,852.7288146899137
65.28762125529452,75.48612386053833,18.232941108295297,223.14183457682537,804.4217299020256,819.3547002442847,870.3570078067496
65.53762125529452,75.4873996271256,18.228901180768943,236.09261305653473,819.8258914819357,835.0715783176277,885.9749363517403
65.78762125529452,75.48648331364731,18.225293727853227,264.48855755186673,848.6223179573716,863.9829072813172,914.9899833441198
66.03762125529452,75.48361841020616,18.222070711481933,317.2359945796813,899.9453663411523,915.2450167727995,966.5359666777847
66.28762125529452,75.48075350676501,18.218847695110636,377.7818885309015,959.0668716483385,974.3055831876874,1025.8804069348555
66.53762125529452,75.47788860332385,18.21562467873934,384.5597792655894,964.4203737389923,979.598146386043,1031.456843975394
66.78762125529452,75.4750236998827,18.21240166236804,348.8560377873992,927.2922436167682,942.4090773715204,994.5516488030541
67.03762125529452,75.47215879644155,18.209178645996744,314.56012596195524,891.5719431472903,906.6278380097442,959.0542832834607
67.28762125529452,75.47006441029929,18.205465444894354,293.28596453889406,869.7073437320354,884.7894700674211,937.4302475998135
67.53762125529452,75.46801523870516,18.20172347937466,284.9622767651071,860.8421548321728,875.9556278646148,928.8066569020384
67.78762125529452,75.46596606711105,18.19798151385497,312.49241276821516,887.8307897092054,902.9756094387035,956.0368899811585
68.03762125529452,75.46391689551693,18.194239548335275,325.49293065362974,900.2898064685445,915.4659728950986,968.7375049425851
68.28762125529452,75.46186772392282,18.190497582815585,301.9786047625962,876.2339794514354,891.4414925750458,944.9232761275636
68.53762125529452,75.4598185523287,18.18675561729589,255.62039679784073,829.3342703606045,844.5731301812708,898.26516523882
68.78762125529452,75.45776938073458,18.1830136517762,217.7753321849467,790.9477046216349,806.2179111393575,860.120197701938
69.03762125529452,75.45572020914047,18.179271686256506,171.40466510592526,744.0355364165379,759.3370896313166,813.4496276989286
69.28762125529452,75.45367103754634,18.175529720736815,131.72989417185022,703.8192643563875,719.1521642682222,773.4749538408656
69.53762125529452,75.45162186595223,18.17178775521712,109.79791273971688,681.3457817981787,696.7100284070696,751.2430694847442
69.78762125529452,75.44957269435811,18.168045789697427,90.88116104329059,661.8875289756768,677.2831222816238,732.0264148643299
70.03762125529452,75.45177505742326,18.165486332314586,63.896008298171296,637.6709105663157,653.3760815849804,707.9264141090067
70.28762125529452,75.45562650105214,18.163385544880647,32.69596775735575,610.5232972570839,626.6459659272476,680.8469411369961
70.53762125529452,75.45947794468103,18.161284757446712,-0.36074695387695443,581.5190097774346,598.0591760990978,651.910793994568
70.78762125529452,75.4611586625756,18.157524012273207,-38.70934915966199,545.883730417496,562.7544271243266,616.4678549156023
71.03762125529452,75.46249900595986,18.153502982120443,-83.44438747913398,503.65204046743463,520.8396309031649,574.4479800674765
71.28762125529452,75.46383934934411,18.149481951967683,-130.35039529175575,459.24938102422357,476.75386518885364,530.257135726201
71.53762125529452,75.46558884002567,18.146084120003668,-168.72392547889888,423.528496315206,441.3500800006219,494.70691375262027
71.78762125529452,75.46998104799081,18.146711578284403,-157.224384214437,438.64500581438676,456.78501824793136,509.72827934272925
72.03762125529452,75.47437325595597,18.14733903656514,-177.72720576688508,421.75915249665763,440.2175936783308,492.7472821159282
72.28762125529452,75.47876546392112,18.147966494845875,-239.88816196986164,363.21516452839995,381.99203445820166,434.10815023859874
72.53762125529452,75.48165408678058,18.144903565422663,-277.21938568799067,329.4174555097218,348.5850301960013,400.44658433831603
72.78762125529452,75.48445789175045,18.141632459624475,-329.29900799528764,280.8666402516652,300.4289968154792,352.04495920043905
73.03762125529452,75.48726169672032,18.138361353826284,-364.25616300466913,249.43829229152414,269.3954307328728,320.76580136047767
73.28762125529452,75.4900655016902,18.135090248028096,-428.4688680279454,188.75439431748828,209.10631463637162,260.2310935066214
73.53762125529452,75.4939231370731,18.13444971339586,-492.23970497467565,128.55621722969056,149.24996470587496,200.01748343774966
73.78762125529452,75.49830760026911,18.135124246195247,-547.3983797186523,76.99212511281064,98.00122677767627,148.35566044124312
74.03762125529452,75.50269206346512,18.135798778994634,-606.4547041076112,21.530383350948796,42.854839204495306,92.79618779975453
74.28762125529452,75.5054864074531,18.133398786957084,-644.2851862174236,-13.068954113530708,8.604090672453026,58.2963623061587
74.53762125529452,75.50760473746945,18.12969170942847,-663.2968218392427,-29.003954986036092,-6.968192043209683,42.54472807535308
74.78762125529452,75.5097230674858,18.12598463189986,-676.8153439124883,-39.44584230996827,-17.04736121029873,32.28620739312089
75.03762125529452,75.51184139750214,18.122277554371248,-685.9744272349109,-45.52829088307726,-22.767091626564707,26.387125461711662
75.28762125529452,75.512,18.118098130562885,-679.0180576125985,-37.045196600686154,-14.05332196232041,35.107037558111074
75.53762125529452,75.512,18.113880479348357,-670.7259561153741,-27.35180605077528,-4.139942370233371,45.041571773130045
75.78762125529452,75.512,18.10966282813383,-663.030197388816,-18.25475827153059,5.1770944511872585,54.37976321748272
76.03762125529452,75.512,18.105445176919297,-655.406405015015,-9.229676845043173,14.42216491985073,63.645988309078234
76.28762125529452,75.51222001482955,18.101239881363565,-643.8190123480156,3.9465238976496266,27.835300399950597,77.05965737309316
76.53762125529452,75.51274354615273,18.09705163077813,-633.1632273710079,16.449804587299013,40.59889287849467,89.79533614647664
76.78762125529452,75.51326707747592,18.092863380192693,-628.4730955211164,22.98743214983233,47.396832229922666,96.56536179274383
77.03762125529452,75.51379060879908,18.088675129607257,-627.0592209398867,26.24880244370388,50.918514312688785,100.05913017034936
77.28762125529452,75.51466816543248,18.084550060080886,-637.7720778647041,17.670791591467264,42.625824055338626,91.70512776635644
77.53762125529452,75.51578169887877,18.080467104111154,-649.4344321689305,8.334817750632396,33.59184051678676,82.58757023278781
77.78762125529452,75.51689523232506,18.076384148141425,-656.751389561575,3.344240821379344,28.903253889816824,77.81540961080088
78.03762125529452,75.51800876577136,18.072301192171697,-659.6961802544787,2.7258305918671795,28.586833962587775,77.41541568855473
78.28762125529452,75.51912229921764,18.068218236201965,-654.4016198319672,10.346771477770176,36.509765150773774,85.25477288172397
78.53762125529452,75.52023583266393,18.064135280232236,-641.8696408542199,25.20513091890905,51.670114894195535,100.33154863012885
78.78762125529452,75.52134936611021,18.060052324262507,-619.967495326512,49.433656910008494,76.2006311875781,124.77849092849442
79.03762125529452,75.52246289955652,18.05596936829278,-596.6691799564604,75.05835274345156,102.12731732330417,150.62160306920373
79.28762125529452,75.5248899703275,18.052756598468747,-576.9303557827893,97.9784817749944,125.40906563039744,173.69267057257798
79.53762125529452,75.5285409499937,18.050354638162034,-557.8229973403483,121.06373421782212,148.9114975749087,196.86598796132716
79.78762125529452,75.53219192965992,18.04795267785532,-545.5116632461926,137.3529623123644,165.61790517113468,213.24328100179093
80.03762125529452,75.53584290932612,18.045550717548608,-536.4589817838942,150.3835377750496,179.06566013550344,226.36192141039737
80.28762125529452,75.53949388899233,18.043148757241894,-551.2027754876834,139.6176380716471,168.71693993378437,215.6840866529161
80.53762125529452,75.54314486865853,18.04074679693518,-580.8736917962169,113.92461576350036,143.4410971273211,190.07912929069073
80.78762125529452,75.54679584832473,18.038344836628468,-597.5299479450373,101.24625361506662,131.17991448057103,177.48883208817847
81.03762125529452,75.55044682799094,18.035942876321755,-605.5654267133436,97.18866884714691,127.53950921433488,173.51931226618024
81.28762125529452,75.55409780765714,18.033540916015042,-614.411389561537,92.32059999934029,123.08861986821182,168.73930836429474
81.53762125529452,75.55774878732335,18.03113895570833,-634.4411500733572,76.26873348790673,107.45393285846171,152.77550679878266
81.78762125529452,75.56144747746325,18.028819104855284,-688.4583539860918,26.243697121376385,57.84560768136271,102.8331969689923
82.03762125529452,75.56553418587619,18.027167031241543,-727.1015227181609,-8.29122061008627,23.723592463850537,68.33758972427574
82.28762125529452,75.56962089428913,18.025514957627802,-763.293955098283,-40.37540198960187,-7.9476864017144635,36.29271883150648
82.53762125529452,75.57370760270207,18.02386288401406,-792.8805357698307,-65.85373166054296,-33.01311355870507,10.853699647311487
82.78762125529452,75.577794311115,18.02221081040032,-814.7455369342483,-83.610481824354,-50.35696120856562,-6.863740029753444
83.03762125529452,75.58188101952794,18.02055873678658,-829.2201464200566,-93.97684030955588,-60.31041717981691,-17.190788028209
83.28762125529452,75.58596772794088,18.01890666317284,-835.6635498758549,-96.31199276474763,-62.23266712105806,-19.48662999665453
83.53762125529452,75.59005443635381,18.017254589559098,-837.606594636088,-94.14678652437419,-59.654558366734136,-17.282113269534875
83.78762125529452,75.59414114476675,18.015602515945357,-829.4485595646418,-81.88050045232137,-46.97536978073083,-4.97651671073595
84.03762125529452,75.5982278531797,18.013950442331616,-814.188097004144,-62.511786891217184,-27.193753705676045,14.431507337114567
84.28762125529452,75.60231456159264,18.012298368717875,-784.8776397518617,-29.093078638328393,6.637857061163345,47.889526076749576
84.53762125529452,75.60640127000556,18.010646295104134,-759.247686582841,0.6451255312989588,36.78896374474107,77.66704073312303
84.78762125529452,75.61039263510744,18.008803682446278,-741.210090185877,22.77123816130097,59.33029455580004,99.84464447102994
85.03762125529452,75.61432273431971,18.006838632840143,-742.5786767711097,25.47848660391196,62.454249185325125,102.61121106869837
85.28762125529452,75.61825283353198,18.00487358323401,-777.7635674596113,-5.630569056746253,31.761899711581236,71.56147356309793
85.53762125529452,75.62218293274425,18.002908533627878,-809.6319233442841,-33.423089913575495,4.38608504166632,43.828270861326246
85.78762125529452,75.62611303195652,18.000943484021743,-842.4442024957536,-62.159534037201524,-23.933652895045498,15.151144892757884
86.03762125529452,75.63004313116879,17.99897843441561,-868.7146997385476,-84.35419625215184,-45.711608923081485,-6.984199167134761
86.28762125529452,75.63397323038106,17.997013384809474,-888.7403597762751,-100.30402126203592,-61.24472774605135,-22.874706021961288
86.53762125529452,75.63790332959333,17.99504833520334,-904.5488971521185,-112.03672361003578,-72.56072390713678,-34.54809021490348
86.78762125529452,75.6418334288056,17.993083285597205,-915.15492298495,-118.5669144150238,-78.67420852521059,-41.01896286483384
87.03762125529452,75.64576352801787,17.99111823599107,-920.6598310950687,-119.99598749729898,-79.68657542057156,-42.38871779205135
87.28762125529452,75.64969362723014,17.989153186384936,-919.1791961053016,-114.43951747968822,-73.71339921604658,-36.772929619383035
87.53762125529452,75.6536237264424,17.9871881367788,-914.0655262279922,-105.25001257453528,-64.10718812397943,-27.524106559172537
87.78762125529452,75.65755382565467,17.985223087172667,-903.6889067156756,-90.79755803437513,-49.23802739690507,-13.01233386395461
88.03762125529452,75.66148392486694,17.983258037566532,-889.3443369378676,-72.37715322872373,-30.400916404339227,5.467389096754459
88.28762125529452,75.6654140240792,17.981292987960398,-869.4389319049693,-48.39591316798192,-6.0029701566832046,29.507947312553824
88.53762125529452,75.66934412329147,17.979327938354263,-863.9907307885653,-38.87187702373444,3.937772174478596,39.09130161185897
88.78762125529452,75.67357844875187,17.978105387812032,-882.3761511967429,-53.16318432492915,-9.951234202074488,24.81275490621863
89.03762125529452,75.67787371537008,17.97703157115748,-895.6489174075058,-62.33817605066588,-18.726810596923656,15.641197586735075
89.28762125529452,75.68216898198828,17.97595775450293,-903.465962103949,-66.05744626208309,-22.046665477452848,11.925361781571155
89.53762125529452,75.68646424860648,17.97488393784838,-899.5539347403849,-58.04764441349289,-13.637448297974743,19.938598036414533
89.78762125529452,75.69075951522468,17.97381012119383,-888.3474928922611,-42.74342808034294,2.066183366062887,35.24624877581766
90.03762125529452,75.69505478184288,17.97273630453928,-865.2547477422089,-15.552908445264734,29.65611833202911,62.44020281714916
90.28762125529452,75.6993500484611,17.971662487884725,-854.1741744954843,-0.374560713514029,45.23388139466772,77.62198495515315
90.53762125529452,75.7036453150793,17.970588671230175,-879.0609044687435,-21.163516201747143,24.844341237322396,56.836463873173216
90.78762125529452,75.7079405816975,17.969514854575625,-896.6143357504703,-34.619172998447766,11.788099771509565,43.38424148272554
91.03762125529452,75.7122358483157,17.968441037921075,-904.6560486517799,-38.56311141473134,8.243576686114011,39.443737472695375
91.28762125529452,75.7165311149339,17.967367221266525,-905.3192380958604,-35.1285263737858,12.077577057947451,42.88175691989409
91.53762125529452,75.7208263815521,17.966293404611974,-897.9113425509482,-23.62285634384739,23.982662418773543,54.39086135608568
91.78762125529452,75.72512164817032,17.96521958795742,-888.6638000012517,-10.277539309124904,37.72739478438393,67.73961279706145
92.03762125529452,75.72941691478852,17.96414577130287,-883.6996979904093,-1.2156628132563583,47.18868661114038,76.80492369918318
92.28762125529452,75.73371218140672,17.96307195464832,-908.7335924111649,-22.151782748985852,26.65198200629868,55.872238169706975
92.53762125529452,75.73800744802492,17.96199813799377,-938.4179342035336,-47.7383500563285,1.464830029843938,30.289105268617504
92.78762125529452,75.74230271464312,17.96092432133922,-965.7353647260679,-70.95800609383673,-21.355410676776387,7.072883637362452
93.03762125529452,75.74659798126132,17.959850504684667,-988.2905356116573,-89.41540249440004,-39.41339174645179,-11.381078356947683
93.28762125529452,75.75089324787953,17.958776688030117,-1001.8844390868729,-98.91153148458943,-48.51010540575351,-20.87377294088401
93.53762125529452,75.75518851449773,17.957702871375567,-1008.6387971458211,-101.56811505851158,-50.767273648787636,-23.526922108552753
93.78762125529452,75.75948378111593,17.956629054721017,-1005.1907909424208,-94.02233437008522,-42.82207762947337,-15.977707013873214
94.03762125529452,75.76377904773413,17.955555238066466,-993.518438802607,-78.2522077452453,-26.65253567374566,-0.2041459827800054
94.28762125529452,75.76807431435233,17.954481421411916,-970.7672809915487,-51.4032754491609,0.59581195322653,26.64822071955757
94.53762125529452,75.77236958097055,17.953407604757363,-934.3501426902369,-10.888362662823056,41.51014007045228,67.1665679121486
94.78762125529452,75.77668141098363,17.952396682528683,-889.9037413221062,37.64934295293506,90.44530473937175,115.70388844471461
95.03762125529452,75.78100337488742,17.951424240650333,-869.3008730576371,62.33955681530449,115.53178075627068,140.3913803666918
95.28762125529452,75.7853253387912,17.95045179877198,-856.2582861121448,79.46948935869716,133.05797545419307,157.51859096969235
95.53762125529452,75.78964730269499,17.949479356893626,-878.8282026174265,60.98691845131566,114.97166670134118,139.03329812191885
95.78762125529452,75.79396926659878,17.948506915015273,-909.2394054108637,34.66306125577876,89.044071660334,112.70671898598982
96.03762125529452,75.79829123050257,17.94753447313692,-934.0733247490432,13.916487515499625,68.69376007458436,91.95742330531857
96.28762125529452,75.80261319440635,17.94656203125857,-951.4871053052689,0.5900525571743174,55.763587270788776,78.62826640660114
96.53762125529452,75.80693515831014,17.945589589380216,-960.6406550028985,-4.4761515425549305,51.09364532558902,73.55934036647955
96.78762125529452,75.81125712221393,17.944617147501862,-961.54117950271,-1.2893304444660316,54.67672857820753,76.74343952417632
97.03762125529452,75.81562124948553,17.944067552061895,-959.2519437082727,4.983485388400368,61.32712221635461,82.98878826765815
97.28762125529452,75.82005861466587,17.944252442277744,-963.6994344243465,4.339333592278308,61.0280934493444,82.27418697687062
97.53762125529452,75.8244959798462,17.944437332493592,-973.1736430873202,-1.3315361507437729,55.7023467354345,76.53286773918308
97.78762125529452,75.82893334502653,17.944622222709437,-1040.8540694688809,-65.20862361235265,-7.8296176970627585,12.585330782908613
98.03762125529452,75.83337071020686,17.944807112925286,-1091.276378630625,-111.8275938541451,-54.10346490974325,-34.10408895354908
98.28762125529452,75.83780807538719,17.944992003141135,-1099.713747653661,-116.46162395722945,-58.39237198371552,-38.80856855129878
98.53762125529452,75.8419230878919,17.946550988236336,-1109.1268336124408,-122.8086619773594,-64.49173062865407,-45.300269892231654
98.78762125529452,75.84602352772471,17.948172092356284,-1099.8775095893748,-110.52662089941316,-51.966415333297164,-33.166247136676475
99.03762125529452,75.85012396755752,17.949793196476232,-1078.7895803620827,-86.40597461724087,-27.60249483371399,-9.193619176895027
99.28762125529452,75.85422440739033,17.95141430059618,-1049.8134339222624,-54.39711112254031,4.649642878397117,22.667225995414356
99.53762125529452,75.85832484722314,17.95303540471613,-1014.5738630685275,-16.12482321392531,43.165205004423115,60.79149558163863
99.78762125529452,75.86242528705596,17.954656508836074,-974.2706400252637,27.21111688421888,86.74441931997785,103.97941735739164
100.03762125529452,75.86652572688877,17.956277612956022,-936.0964281152646,68.41804584909812,128.19462250226798,145.03832799988004
100.28762125529452,75.87062616672158,17.95789871707597,-900.1124089050406,107.43478211420233,167.45463298478285,183.9070459425932
100.53762125529452,75.87472660655438,17.95951982119592,-918.1454193057159,92.43448876840739,152.69761385639845,168.7587342744073
100.78762125529452,75.87882704638719,17.961140925315867,-956.822339347866,56.79028578113741,117.29668508653924,132.96651296474636
101.03762125529452,75.8829977271794,17.962576267455596,-972.1300029513786,44.63823459046125,105.4032130527703,120.67611652774326
101.28762125529452,75.88724759419091,17.96380219063199,-988.5645493571185,31.49784680831499,92.53865846713347,107.40828845172132
101.53762125529452,75.89149746120242,17.96502811380839,-1022.9939175888251,0.36263720020224355,61.67928205552971,76.1456385497329
101.78762125529452,75.89574732821393,17.966254036984786,-1052.4945426017969,-25.84382918917595,35.74864886266096,49.81173186647902
102.03762125529452,75.89999719522542,17.96747996016118,-1072.6757410037912,-42.7308689675765,19.13744228076962,32.79725179420279
102.28762125529452,75.90424706223693,17.968705883337577,-1087.3450361811829,-54.1060055213743,8.038138923480801,21.294674946529085
102.53762125529452,75.90849692924844,17.969931806513973,-1096.1814388639673,-59.64824958056511,2.7717280607994326,15.624990593462826
102.78762125529452,75.91274679625994,17.97115772969037,-1099.7743437373376,-59.94699583034162,2.74881500753213,15.198804049810633
103.03762125529452,75.91699666327145,17.972383652866764,-1099.4390174873129,-56.317510956723254,6.654133077659708,18.70084862955332
103.28762125529452,75.92124653028296,17.97360957604316,-1095.671965358779,-49.25630020459562,13.991177026296327,25.634619087805277
103.53762125529452,75.92549639729447,17.974835499219555,-1089.7717100826676,-40.06188630489055,23.461424122510834,34.70159269363489
103.78762125529452,75.92974626430596,17.97606142239595,-1078.1044201608047,-25.100437759434044,38.69870586447678,49.53560094521572
104.03762125529452,75.93391110034918,17.977478327683315,-1065.2505459631661,-9.089916159095083,54.968300985119185,65.40891029374029
104.28762125529452,75.93779819359703,17.979519051638437,-1048.1365003673395,10.731614003259892,74.99416132647934,85.06130935202918
104.53762125529452,75.94168528684487,17.98155977559356,-1030.2040593392546,31.371539597873152,95.83841710009779,105.53210384257636
104.78762125529452,75.94557238009273,17.983600499548682,-1005.9867208179867,58.296362685669465,122.96757036689905,132.28779582630636
105.03762125529452,75.94945947334058,17.985641223503805,-977.7531572762451,89.23741079393938,154.11294865417415,163.0597128305102
105.28762125529452,75.95334656658844,17.987681947458928,-937.405524896154,132.29252774055885,197.3723957797988,205.9456986730636
105.53762125529452,75.95723365983629,17.98972267141405,-911.8265907524166,160.57894645082467,225.86314466906958,234.06298627926333
105.78762125529452,75.96112075308415,17.991763395369173,-923.8196847287279,151.2933370410417,216.7818654382918,224.6082457654145
106.03762125529452,75.96500784633199,17.993804119324295,-929.2089607396225,148.61154559667546,214.3044041729305,221.75732321698217
106.28762125529452,75.96889493957984,17.995844843279418,-942.0269489041927,138.50104199863358,204.3982307538938,211.47768851487422
106.53762125529452,75.9727820328277,17.99788556723454,-942.7634986688879,140.47197680046702,206.5734957347322,213.27949221264112
106.78762125529452,75.97636843320673,18.000370378923257,-930.9181128938817,154.61541022338952,220.87405575029857,227.23246146373413
107.03762125529452,75.97993697070153,18.002881571975152,-899.3318088414298,188.475439018099,254.88840697338196,260.9007587798055
107.28762125529452,75.98350550819633,18.005392765027047,-867.9097156183184,222.17125698346786,288.7385473671252,294.4048452665363
107.53762125529452,75.98707404569112,18.007903958078938,-835.0139597978177,257.3407375462259,324.0623503582574,329.3825943506563
107.78762125529452,75.99064258318592,18.010415151130832,-831.2608851077247,263.3675369785766,330.243472218982,335.2176623043687
108.03762125529452,75.99421112068072,18.012926344182727,-857.4889252448779,239.41322158368075,306.4434792524605,311.07161543083475
108.28762125529452,75.99777965817552,18.01543753723462,-918.0810573112893,181.09481425952697,248.27939435668043,252.56147662804267
108.53762125529452,76.00081309555378,18.018393878092194,-936.5778433311871,164.25780452448612,231.53070734361745,235.51450486098452
108.78762125529452,76.00296527719507,18.022083332334418,-916.1733900846211,185.31092308139432,252.5634537855883,256.3276375094879
109.03762125529452,76.00511745883637,18.02577278657664,-910.4051657719439,191.72781270441408,258.95997129367026,262.5045412241028
109.28762125529452,76.00726964047767,18.02946224081886,-957.0241372004831,145.75750658621712,212.9692930605355,216.29424919750124
109.53762125529452,76.00942182211897,18.033151695061083,-1005.8583564925591,97.57195260448339,164.7633669638642,167.8687093073629
109.78762125529452,76.01157400376026,18.036841149303303,-1024.9611544884974,79.11781991888734,146.28886216333058,149.17459071336225
110.03762125529452,76.01372618540155,18.040530603545527,-1025.2168810201808,79.51075869754618,146.66142882705185,149.32754358361626
110.28762125529452,76.01587836704286,18.044220057787747,-1013.2127538703272,92.16355115774206,159.29384917230993,161.74035013540754
110.53762125529452,76.01803054868415,18.04790951202997,-1017.2857227718655,88.73924756654628,155.84917346617658,158.07606063580693
110.78762125529452,76.02018273032544,18.05159896627219,-1032.1281147067052,74.54552094204882,141.63507472674132,143.64234810290486
111.03762125529452,76.02218160303545,18.0553632060709,-1085.204035975898,21.959891988672098,89.01291588021854,90.81452615851526
111.28762125529452,76.02408661581798,18.05917323163596,-1131.792991445326,-24.235731450650974,42.77087031330484,44.375358491746056
111.53762125529452,76.02599162860051,18.062983257201022,-1162.2246392302543,-54.27404720547452,12.686132430890439,14.093498509476149
111.78762125529452,76.02789664138304,18.066793282766085,-1184.1302067757986,-75.78628272091419,-8.872525212139863,-7.662281233409431
112.03762125529452,76.02980165416558,18.070603308331144,-1190.3649080118048,-81.62765192681582,-14.760316545631895,-13.747194666757196
112.28762125529452,76.03170666694811,18.074413333896207,-1194.3321710567375,-85.20158294164366,-18.380669688050602,-17.56466990903141
112.53762125529452,76.03361167973064,18.07822335946127,-1190.3674999232899,-80.84357977809123,-14.069088652089022,-13.450210972925106
112.78762125529452,76.03551669251317,18.082033385026328,-1186.1099279209757,-76.19267574567243,-9.464606747260632,-9.042851167952449
113.03762125529452,76.0374217052957,18.08584341059139,-1180.0290077562415,-69.71842355083368,-3.0367766800125082,-2.812143200559831
113.28762125529452,76.03932671807823,18.089653436156453,-1175.6128897910578,-64.90897355554489,1.7262511876851931,1.7537625672823651
113.53762125529452,76.04008017525756,18.093725958756746,-1176.091419839121,-66.08434348960577,0.33537942240263874,0.3987007936034388
113.78762125529452,76.04020417547169,18.09794196603699,-1180.0471373517892,-71.33280464137488,-5.155804678808636,-5.0597498538870695
114.03762125529452,76.0403281756858,18.102157973317237,-1189.8212145442903,-82.39962547297705,-16.465348459852976,-16.336560181210643
