distance_from_start_km,distance_from_user_rim_km,longitude_e_deg,latitude_n_deg,mola_raw_m,mola_corrected_residual_m,ctx_raw_m,ctx_tilt_corrected_m
0.000000,-4.145302,75.968000,18.119000,-1523.268265,-530.010249,nan,nan
0.100000,-4.045302,75.969750,18.118713,-1521.339255,-527.005056,nan,nan
0.200000,-3.945302,75.971500,18.118426,-1519.426691,-524.016327,nan,nan
0.300000,-3.845302,75.973249,18.118139,-1517.462963,-520.976477,nan,nan
0.400000,-3.745302,75.974999,18.117853,-1515.328781,-517.766221,nan,nan
0.500000,-3.645302,75.976749,18.117566,-1513.128813,-514.490162,nan,nan
0.600000,-3.545302,75.978499,18.117279,-1510.863059,-511.148300,nan,nan
0.700000,-3.445302,75.980248,18.116992,-1508.531519,-507.740636,nan,nan
0.800000,-3.345302,75.981998,18.116705,-1499.158975,-497.291843,nan,nan
0.900000,-3.245302,75.983748,18.116418,-1488.808153,-485.864756,nan,nan
1.000000,-3.145302,75.985498,18.116132,-1478.490226,-474.470564,nan,nan
1.100000,-3.045302,75.987248,18.115845,-1468.205192,-463.109265,nan,nan
1.200000,-2.945302,75.988997,18.115558,-1460.665432,-454.493250,nan,nan
1.300000,-2.845302,75.990747,18.115271,-1457.328438,-450.080017,nan,nan
1.400000,-2.745302,75.992497,18.114984,-1454.386162,-446.061501,nan,nan
1.500000,-2.645302,75.994247,18.114697,-1451.838603,-442.437703,nan,nan
1.600000,-2.545302,75.995996,18.114410,-1449.685762,-439.208621,nan,nan
1.700000,-2.445302,75.997746,18.114124,-1434.290981,-422.737766,nan,nan
1.800000,-2.345302,75.999496,18.113837,-1417.816000,-405.186735,nan,nan
1.900000,-2.245302,76.001246,18.113550,-1401.044973,-387.339675,nan,nan
2.000000,-2.145302,76.002996,18.113263,-1383.931679,-369.150362,nan,nan
2.100000,-2.045302,76.004745,18.112976,-1369.225100,-353.367646,nan,nan
2.200000,-1.945302,76.006495,18.112689,-1357.764852,-340.831156,nan,nan
2.300000,-1.845302,76.008245,18.112402,-1345.942771,-327.932833,nan,nan
2.400000,-1.745302,76.009995,18.112116,-1333.758855,-314.672676,nan,nan
2.500000,-1.645302,76.011744,18.111829,-1321.186434,-301.024013,nan,nan
2.600000,-1.545302,76.013494,18.111542,-1306.768347,-285.529659,nan,nan
2.700000,-1.445302,76.015244,18.111255,-1292.596971,-270.282016,nan,nan
2.800000,-1.345302,76.016994,18.110968,-1278.672307,-255.281084,nan,nan
2.900000,-1.245302,76.018744,18.110681,-1264.994353,-240.526864,nan,nan
3.000000,-1.145302,76.020493,18.110395,-1252.604856,-227.061159,nan,nan
3.100000,-1.045302,76.022243,18.110108,-1241.123680,-214.503837,nan,nan
3.200000,-0.945302,76.023993,18.109821,-1229.642504,-201.946531,nan,nan
3.300000,-0.845302,76.025743,18.109534,-1218.161327,-189.389242,nan,nan
3.400000,-0.745302,76.027492,18.109247,-1207.884392,-178.036207,nan,nan
3.500000,-0.645302,76.029240,18.108949,-1210.413172,-179.487237,nan,nan
3.600000,-0.545302,76.030972,18.108577,-1212.392057,-180.378275,nan,nan
3.700000,-0.445302,76.032704,18.108206,-1214.097065,-180.995415,nan,nan
3.800000,-0.345302,76.034436,18.107835,-1215.528196,-181.338657,nan,nan
3.900000,-0.245302,76.036168,18.107464,-1213.071663,-177.794196,nan,nan
4.000000,-0.145302,76.037900,18.107093,-1208.220910,-171.855497,nan,nan
4.100000,-0.045302,76.039633,18.106722,-1203.665094,-166.211735,nan,nan
4.200000,0.054698,76.041365,18.106350,-1199.404216,-160.862911,nan,nan
4.300000,0.154698,76.043097,18.105979,-1195.332145,-155.702893,nan,nan
4.400000,0.254698,76.044829,18.105608,-1190.134470,-149.417247,nan,nan
4.500000,0.354698,76.046561,18.105237,-1185.031816,-143.226637,nan,nan
4.600000,0.454698,76.048293,18.104866,-1179.848458,-136.955350,nan,nan
4.700000,0.554698,76.050025,18.104495,-1174.559765,-130.578748,nan,nan
4.800000,0.654698,76.051757,18.104123,-1169.226198,-124.157390,nan,nan
4.900000,0.754698,76.053490,18.103752,-1163.784704,-117.628167,nan,nan
5.000000,0.854698,76.055222,18.103381,-1158.174679,-110.930392,nan,nan
5.100000,0.954698,76.056954,18.103010,-1152.396122,-104.064065,nan,nan
5.200000,1.054698,76.057618,18.104534,-1157.173697,-108.855643,nan,nan
5.300000,1.154698,76.058252,18.106109,-1161.378977,-113.105077,nan,nan
5.400000,1.254698,76.058887,18.107685,-1164.378582,-116.148699,nan,nan
5.500000,1.354698,76.059522,18.109260,-1167.702622,-119.516748,nan,nan
5.600000,1.454698,76.060156,18.110836,-1170.928362,-122.786529,nan,nan
5.700000,1.554698,76.060791,18.112412,-1174.055802,-125.958042,nan,nan
5.800000,1.654698,76.061425,18.113987,-1175.721177,-127.667544,nan,nan
5.900000,1.754698,76.062060,18.115563,-1175.537959,-127.528462,nan,nan
6.000000,1.854698,76.062695,18.117139,-1175.158144,-127.192752,nan,nan
6.100000,1.954698,76.063329,18.118714,-1174.581735,-126.660414,nan,nan
6.200000,2.054698,76.063964,18.120290,-1173.808730,-125.931448,nan,nan
6.300000,2.154698,76.064599,18.121866,-1173.226112,-125.392917,nan,nan
6.400000,2.254698,76.065233,18.123441,-1173.069704,-125.280672,nan,nan
6.500000,2.354698,76.065868,18.125017,-1173.011597,-125.266728,nan,nan
6.600000,2.454698,76.066502,18.126592,-1172.921249,-125.220544,nan,nan
6.700000,2.554698,76.067137,18.128168,-1172.237077,-124.580544,nan,nan
6.800000,2.654698,76.067772,18.129744,-1172.215196,-124.602830,nan,nan
6.900000,2.754698,76.068406,18.131319,-1172.746351,-125.178147,nan,nan
7.000000,2.854698,76.069041,18.132895,-1173.375802,-125.851760,nan,nan
7.100000,2.954698,76.069676,18.134471,-1174.103549,-126.623668,nan,nan
7.200000,3.054698,76.070310,18.136046,-1174.929590,-127.493871,nan,nan
7.300000,3.154698,76.070945,18.137622,-1176.931617,-129.540018,nan,nan
7.400000,3.254698,76.071580,18.139197,-1179.937848,-132.590362,nan,nan
7.500000,3.354698,76.072214,18.140773,-1183.173441,-135.870101,nan,nan
7.600000,3.454698,76.072849,18.142349,-1186.638395,-139.379234,nan,nan
7.700000,3.554698,76.073483,18.143924,-1190.332710,-143.117761,nan,nan
7.800000,3.654698,76.074118,18.145500,-1197.090528,-149.919696,nan,nan
7.900000,3.754698,76.074753,18.147076,-1204.610958,-157.484112,nan,nan
8.000000,3.854698,76.075387,18.148651,-1212.853970,-165.771131,nan,nan
8.100000,3.954698,76.076022,18.150227,-1222.145490,-175.106692,nan,nan
8.200000,4.054698,76.076657,18.151802,-1232.485520,-185.490795,nan,nan
8.300000,4.154698,76.077291,18.153378,-1239.872982,-192.922397,nan,nan
8.400000,4.254698,76.077926,18.154954,-1245.508947,-198.602501,nan,nan
8.500000,4.354698,76.078560,18.156529,-1251.341513,-204.479171,nan,nan
8.600000,4.454698,76.079195,18.158105,-1257.370679,-210.552410,nan,nan
8.700000,4.554698,76.079830,18.159681,-1263.596446,-216.822216,nan,nan
8.800000,4.654698,76.080464,18.161256,-1268.187975,-221.457857,nan,nan
8.900000,4.754698,76.081099,18.162832,-1272.323488,-225.637523,nan,nan
9.000000,4.854698,76.081734,18.164407,-1276.819427,-230.177613,nan,nan
9.100000,4.954698,76.082368,18.165983,-1279.173419,-232.575774,nan,nan
9.200000,5.054698,76.083003,18.167559,-1279.777743,-233.224255,nan,nan
9.300000,5.154698,76.083637,18.169134,-1273.132665,-226.623341,nan,nan
9.400000,5.254698,76.084272,18.170710,-1264.825171,-218.360019,nan,nan
9.500000,5.354698,76.084907,18.172286,-1257.664484,-211.243504,nan,nan
9.600000,5.454698,76.085541,18.173861,-1251.650603,-205.273795,nan,nan
9.700000,5.554698,76.086280,18.175385,-1246.689800,-200.284204,nan,nan
9.800000,5.654698,76.087289,18.176773,-1239.315660,-192.691052,nan,nan
9.900000,5.754698,76.088299,18.178161,-1231.436150,-184.592526,nan,nan
10.000000,5.854698,76.089308,18.179549,-1224.382962,-177.320324,nan,nan
10.100000,5.954698,76.090317,18.180937,-1220.456021,-173.174360,nan,nan
10.200000,6.054698,76.091327,18.182324,-1221.946427,-174.445737,nan,nan
10.300000,6.154698,76.092336,18.183712,-1226.773069,-179.053349,nan,nan
10.400000,6.254698,76.093346,18.185100,-1233.158030,-185.219289,nan,nan
10.500000,6.354698,76.094355,18.186488,-1243.353455,-195.195694,nan,nan
10.600000,6.454698,76.095365,18.187876,-1257.359346,-208.982564,nan,nan
10.700000,6.554698,76.096374,18.189264,-1275.175702,-226.579899,nan,nan
10.800000,6.654698,76.097383,18.190652,-1296.802523,-247.987699,nan,nan
10.900000,6.754698,76.098393,18.192040,-1301.213458,-252.179620,nan,nan
11.000000,6.854698,76.099402,18.193428,-1298.355592,-249.102739,nan,nan
11.100000,6.954698,76.100412,18.194816,-1297.655348,-248.183480,nan,nan
11.200000,7.054698,76.101421,18.196204,-1299.112728,-249.421844,nan,nan
11.300000,7.154698,76.102430,18.197592,-1302.727730,-252.817831,nan,nan
11.400000,7.254698,76.103440,18.198980,-1308.500355,-258.371441,nan,nan
11.500000,7.354698,76.104449,18.200368,-1304.921416,-254.573476,nan,nan
11.600000,7.454698,76.105459,18.201756,-1302.154403,-251.587476,nan,nan
11.700000,7.554698,76.106468,18.203144,-1298.008773,-247.222825,nan,nan
11.800000,7.654698,76.107477,18.204532,-1294.791417,-243.786449,nan,nan
11.900000,7.754698,76.108487,18.205919,-1292.538155,-241.314166,nan,nan
12.000000,7.854698,76.109496,18.207307,-1288.710605,-237.267576,nan,nan
12.100000,7.954698,76.110860,18.207785,-1283.322034,-231.221389,nan,nan
12.200000,8.054698,76.112577,18.207356,-1289.409381,-236.214315,nan,nan
12.300000,8.154698,76.114295,18.206926,-1291.755249,-237.465753,nan,nan
12.400000,8.254698,76.116012,18.206497,-1286.238177,-230.854255,nan,nan
12.500000,8.354698,76.117729,18.206068,-1280.696948,-224.218601,nan,nan
12.600000,8.454698,76.119446,18.205638,-1275.131564,-217.558792,-1295.869764,-1095.729759
12.700000,8.554698,76.121163,18.205209,-1269.870702,-211.203506,-1291.233628,-1089.999164
12.800000,8.654698,76.122881,18.204780,-1272.254672,-212.493089,-1290.006697,-1087.677800
12.900000,8.754698,76.124598,18.204351,-1274.397077,-213.541132,nan,nan
13.000000,8.854698,76.126315,18.203921,-1276.297917,-214.347634,nan,nan
13.100000,8.954698,76.128032,18.203492,-1277.957192,-214.912594,-1288.253857,-1082.641654
13.200000,9.054698,76.129749,18.203063,-1282.112094,-217.973217,-1286.307801,-1079.601175
13.300000,9.154698,76.131466,18.202633,-1288.557062,-223.323904,-1281.678609,-1073.877580
13.400000,9.254698,76.133184,18.202204,-1294.349821,-228.022359,-1292.935166,-1084.039663
13.500000,9.354698,76.134901,18.201775,-1299.490370,-232.068580,-1291.112544,-1081.122615
13.600000,9.454698,76.136618,18.201345,-1303.978710,-235.462567,-1288.841614,-1077.757279
13.700000,9.554698,76.138255,18.201223,-1299.231655,-229.746414,-1284.436648,-1072.383239
13.800000,9.654698,76.139561,18.202366,-1301.162597,-231.225011,-1285.706827,-1073.201091
13.900000,9.754698,76.140867,18.203509,-1303.289199,-232.899268,-1288.790914,-1075.832750
14.000000,9.854698,76.142173,18.204652,-1305.611463,-234.769186,-1288.980977,-1075.570480
14.100000,9.954698,76.143480,18.205795,-1308.129387,-236.834764,-1294.654967,-1080.792123
14.200000,10.054698,76.144786,18.206937,-1312.346575,-240.599611,-1294.839275,-1080.524032
14.300000,10.154698,76.146092,18.208080,-1312.412301,-240.213003,-1303.667140,-1088.899543
14.400000,10.254698,76.147398,18.209223,-1312.582442,-239.930810,-1314.797766,-1099.577814
14.500000,10.354698,76.148704,18.210366,-1313.828661,-240.724695,-1325.015109,-1109.342772
14.600000,10.454698,76.150010,18.211509,-1316.150959,-242.594660,-1338.582983,-1122.458290
14.700000,10.554698,76.151316,18.212652,-1319.549336,-245.540702,-1348.355178,-1131.778151
14.800000,10.654698,76.152622,18.213795,-1323.066166,-248.605194,-1350.432301,-1133.402873
14.900000,10.754698,76.153929,18.214937,-1323.607039,-248.693714,-1352.937577,-1135.455813
15.000000,10.854698,76.155473,18.214236,-1328.824579,-252.845105,-1369.225943,-1150.678040
15.100000,10.954698,76.157032,18.213428,-1334.011654,-256.930519,-1375.320324,-1155.670783
15.200000,11.054698,76.158591,18.212620,-1338.951070,-260.768275,-1377.504468,-1156.753334
15.300000,11.154698,76.160149,18.211811,-1343.642828,-264.358373,-1381.176041,-1159.323234
15.400000,11.254698,76.161708,18.211003,-1348.669316,-268.283321,-1387.166707,-1164.212281
15.500000,11.354698,76.163267,18.210195,-1353.780216,-272.292723,-1396.383662,-1172.327541
15.600000,11.454698,76.164825,18.209387,-1358.973668,-276.384718,-1397.716653,-1172.558935
15.700000,11.554698,76.166384,18.208579,-1364.249670,-280.559304,-1401.080114,-1174.820757
15.800000,11.654698,76.167942,18.207771,-1369.608223,-284.816482,-1408.660643,-1181.299637
15.900000,11.754698,76.169501,18.206962,-1377.228647,-291.335344,-1410.198455,-1181.735811
16.000000,11.854698,76.171060,18.206154,-1383.120253,-296.125284,-1413.790770,-1184.226432
16.100000,11.954698,76.172618,18.205346,-1389.135692,-301.039057,-1419.294666,-1188.628750
16.200000,12.054698,76.174177,18.204538,-1395.274963,-306.076663,-1414.767004,-1182.999448
16.300000,12.154698,76.175736,18.203730,-1401.538066,-311.238100,-1430.872633,-1198.003422
16.400000,12.254698,76.177294,18.202922,-1409.821148,-318.419539,-1436.582256,-1202.611421
16.500000,12.354698,76.178853,18.202113,-1417.959811,-325.456559,-1435.332954,-1200.260505
16.600000,12.454698,76.180412,18.201305,-1425.892092,-332.287197,-1434.469776,-1198.295642
16.700000,12.554698,76.182093,18.201156,-1434.869153,-340.262823,-1433.644660,-1196.469086
16.800000,12.654698,76.183849,18.201407,-1444.879433,-349.332474,-1445.508484,-1207.392249
16.900000,12.754698,76.185605,18.201658,-1456.543401,-360.055921,-1457.678767,-1218.621851
17.000000,12.854698,76.187361,18.201909,-1468.423866,-370.995850,-1463.643236,-1223.645686
17.100000,12.954698,76.189117,18.202160,-1480.520828,-382.152262,-1469.187269,-1228.249044
17.200000,13.054698,76.190872,18.202410,-1492.834286,-393.525157,-1474.505013,-1232.626101
17.300000,13.154698,76.192628,18.202661,-1502.988755,-402.738977,-1479.673112,-1236.853522
17.400000,13.254698,76.194384,18.202912,-1511.844813,-410.654354,-1486.940668,-1243.180410
17.500000,13.354698,76.196140,18.203163,-1520.354484,-418.223345,-1486.620396,-1241.919489
17.600000,13.454698,76.197896,18.203414,-1528.517770,-425.445949,-1491.831477,-1246.189912
17.700000,13.554698,76.199652,18.203665,-1535.968725,-431.956248,-1509.877607,-1263.295377
17.800000,13.654698,76.201408,18.203915,-1542.072497,-437.119450,-1521.104568,-1273.581657
17.900000,13.754698,76.203164,18.204166,-1548.017504,-442.123902,-1532.900225,-1284.436619
18.000000,13.854698,76.204920,18.204417,-1553.803747,-446.969604,-1538.122321,-1288.718040
18.100000,13.954698,76.206675,18.204668,-1559.431225,-451.656556,-1542.755423,-1292.410478
18.200000,14.054698,76.208431,18.204919,-1559.314809,-450.599518,-1549.856664,-1298.571044
18.300000,14.154698,76.209942,18.204293,-1559.361619,-449.619198,-1556.201179,-1303.888458
18.400000,14.254698,76.211336,18.203248,-1560.305589,-449.494619,-1557.156415,-1303.775129
18.500000,14.354698,76.212730,18.202203,-1561.392775,-449.513256,-1560.366895,-1305.917117
18.600000,14.454698,76.214124,18.201157,-1562.623177,-449.675108,-1558.589594,-1303.071256
18.700000,14.554698,76.215517,18.200112,-1563.834225,-449.817597,-1558.380565,-1301.793664
18.800000,14.654698,76.216911,18.199067,-1564.621975,-449.536783,-1563.283322,-1305.627928
18.900000,14.754698,76.218305,18.198021,-1563.680143,-447.526451,-1564.008000,-1305.284055
19.000000,14.854698,76.219698,18.196976,-1563.311173,-446.089029,-1562.872609,-1303.080109
19.100000,14.954698,76.221092,18.195931,-1563.515064,-445.224516,-1564.210019,-1303.348962
19.200000,15.054698,76.222486,18.194886,-1564.291818,-444.932912,-1563.681698,-1301.752111
19.300000,15.154698,76.223880,18.193840,-1565.934161,-445.506905,-1563.193904,-1300.195763
19.400000,15.254698,76.225273,18.192795,-1567.921157,-446.425503,-1562.189498,-1298.122864
19.500000,15.354698,76.226667,18.191750,-1570.194577,-447.630477,-1562.625129,-1297.489934
19.600000,15.454698,76.228061,18.190704,-1572.160037,-448.527411,-1562.485370,-1296.281644
19.700000,15.554698,76.229455,18.189659,-1574.200860,-449.499685,-1562.576867,-1295.304609
19.800000,15.654698,76.230848,18.188614,-1576.637455,-450.867725,-1560.985573,-1292.644748
19.900000,15.754698,76.232242,18.187568,-1579.432272,-452.593972,-1555.575055,-1286.165661
20.000000,15.854698,76.233717,18.186642,-1582.506603,-454.583975,-1556.957069,-1286.463437
20.100000,15.954698,76.235288,18.185856,-1585.827293,-456.801550,-1561.023868,-1289.427144
20.200000,16.054698,76.236859,18.185070,-1589.390710,-459.261853,-1560.534682,-1287.834869
20.300000,16.154698,76.238431,18.184285,-1592.980605,-461.748653,-1559.788827,-1285.985894
20.400000,16.254698,76.240002,18.183499,-1594.328380,-461.993550,-1561.263467,-1286.357502
20.500000,16.354698,76.241573,18.182713,-1593.982996,-460.545336,-1559.911732,-1283.902628
20.600000,16.454698,76.243145,18.181928,-1593.961231,-459.420702,-1566.513221,-1289.401055
20.700000,16.554698,76.244716,18.181142,-1594.263086,-458.619646,-1567.413207,-1289.197911
20.800000,16.654698,76.246287,18.180356,-1595.002238,-458.255830,-1570.713122,-1291.394783
20.900000,16.754698,76.247859,18.179571,-1596.850961,-459.001444,-1573.224364,-1292.802911
21.000000,16.854698,76.249430,18.178785,-1598.982858,-460.030232,-1574.218405,-1292.693878
21.100000,16.954698,76.251001,18.177999,-1601.397930,-461.342194,-1575.799952,-1293.172322
21.200000,17.054698,76.252573,18.177214,-1604.096176,-462.937331,-1577.269523,-1293.538835
21.300000,17.154698,76.254144,18.176428,-1607.316177,-465.054226,-1583.769911,-1298.936125
21.400000,17.254698,76.255715,18.175642,-1611.952541,-468.587507,-1591.903204,-1305.966344
21.500000,17.354698,76.257287,18.174857,-1615.572824,-471.104746,-1597.367430,-1310.327445
21.600000,17.454698,76.258858,18.174071,-1619.193107,-473.622024,-1602.236162,-1314.093127
21.700000,17.554698,76.260429,18.173285,-1622.813389,-476.139343,-1608.213653,-1318.967485
21.800000,17.654698,76.262001,18.172500,-1626.861059,-479.084092,-1611.975426,-1321.626210
21.900000,17.754698,76.263622,18.172166,-1633.564630,-484.772816,-1618.747400,-1327.383201
22.000000,17.854698,76.265332,18.172622,-1641.401347,-491.748516,-1629.266650,-1337.041359
22.100000,17.954698,76.267042,18.173078,-1649.186987,-498.673163,-1627.222324,-1334.135911
22.200000,18.054698,76.268751,18.173534,-1656.921548,-505.546757,-1626.273628,-1332.326081
22.300000,18.154698,76.270461,18.173990,-1662.664112,-510.428302,-1627.143165,-1332.334587
22.400000,18.254698,76.272170,18.174445,-1666.667759,-513.570871,-1627.144931,-1331.475223
22.500000,18.354698,76.273880,18.174901,-1670.543714,-516.585747,-1624.653012,-1328.122165
22.600000,18.454698,76.275589,18.175357,-1674.291977,-519.472930,-1628.036313,-1330.644332
22.700000,18.554698,76.277299,18.175813,-1677.842687,-522.162562,-1635.628879,-1337.375867
22.800000,18.654698,76.279009,18.176269,-1677.919991,-521.378759,-1639.781872,-1340.667729
22.900000,18.754698,76.280718,18.176725,-1678.055992,-520.653653,-1643.070682,-1343.095413
23.000000,18.854698,76.282428,18.177181,-1678.319686,-520.056240,-1646.612592,-1345.776229
23.100000,18.954698,76.284137,18.177637,-1678.711072,-519.586519,-1646.937477,-1345.240039
23.200000,19.054698,76.285847,18.178093,-1679.495371,-519.509721,-1648.392600,-1345.834044
23.300000,19.154698,76.287556,18.178548,-1680.798577,-519.951845,-1651.054056,-1347.634382
23.400000,19.254698,76.289266,18.179004,-1682.229471,-520.521658,-1653.060643,-1348.779900
23.500000,19.354698,76.290976,18.179460,-1683.788055,-521.219159,-1656.786112,-1351.644266
23.600000,19.454698,76.292685,18.179916,-1685.474328,-522.044350,-1659.082513,-1353.079543
23.700000,19.554698,76.294395,18.180372,-1684.324576,-520.033571,-1658.863934,-1351.999835
23.800000,19.654698,76.296104,18.180828,-1682.783393,-517.631347,-1659.939133,-1352.213996
23.900000,19.754698,76.297814,18.181284,-1681.446517,-515.433406,-1658.308480,-1349.722211
24.000000,19.854698,76.299524,18.181740,-1680.313949,-513.439746,-1659.245696,-1349.798291
24.100000,19.954698,76.301233,18.182195,-1679.459967,-511.724691,-1664.393281,-1354.084757
24.200000,20.054698,76.302943,18.182651,-1679.081596,-510.485376,-1665.410903,-1354.241279
24.300000,20.154698,76.304652,18.183107,-1679.009679,-509.552540,-1665.118785,-1353.088080
24.400000,20.254698,76.306362,18.183563,-1679.244216,-508.926184,-1671.369032,-1358.477215
24.495824,20.350522,76.308000,18.184000,-1679.320790,-508.177794,-1674.020814,-1360.303850
